datetime,open,high,low,close,volume
2024-01-01 16:00:00,2062.598,2066.595,2062.275,2065.358,0
2024-01-01 20:00:00,2065.358,2070.578,2063.915,2069.505,0
2024-01-02 00:00:00,2069.525,2076.665,2069.415,2073.235,0
2024-01-02 04:00:00,2073.235,2078.825,2064.995,2067.845,0
2024-01-02 08:00:00,2067.815,2070.965,2055.818,2066.005,0
2024-01-02 12:00:00,2066.085,2066.865,2057.915,2058.115,0
2024-01-02 16:00:00,2058.225,2062.045,2057.975,2060.105,0
2024-01-02 20:00:00,2060.115,2065.525,2059.475,2064.775,0
2024-01-03 00:00:00,2064.755,2065.835,2058.805,2059.908,0
2024-01-03 04:00:00,2059.965,2060.485,2041.685,2045.595,0
2024-01-03 08:00:00,2045.565,2048.698,2031.218,2032.345,0
2024-01-03 12:00:00,2032.405,2042.205,2030.515,2040.878,0
2024-01-03 16:00:00,2040.955,2043.835,2040.215,2042.065,0
2024-01-03 20:00:00,2042.075,2046.808,2040.055,2043.015,0
2024-01-04 00:00:00,2043.005,2049.445,2042.345,2046.715,0
2024-01-04 04:00:00,2046.695,2050.855,2043.245,2045.835,0
2024-01-04 08:00:00,2045.895,2047.625,2036.155,2044.675,0
2024-01-04 12:00:00,2044.725,2044.955,2040.765,2042.995,0
2024-01-04 16:00:00,2043.025,2044.665,2042.725,2044.265,0
2024-01-04 20:00:00,2044.275,2048.155,2043.995,2044.555,0
2024-01-05 00:00:00,2044.515,2046.925,2040.805,2042.385,0
2024-01-05 04:00:00,2042.305,2043.598,2037.035,2040.115,0
2024-01-05 08:00:00,2040.135,2063.838,2024.255,2044.948,0
2024-01-05 12:00:00,2044.925,2050.195,2040.335,2043.575,0
2024-01-05 16:00:00,2043.645,2046.068,2043.645,2045.355,0
2024-01-07 16:00:00,2044.385,2046.245,2042.805,2045.875,0
2024-01-07 20:00:00,2045.855,2046.525,2034.975,2035.715,0
2024-01-08 00:00:00,2035.665,2036.045,2026.925,2028.205,0
2024-01-08 04:00:00,2028.165,2031.685,2016.604,2024.585,0
2024-01-08 08:00:00,2024.605,2036.778,2018.345,2032.085,0
2024-01-08 12:00:00,2032.155,2033.015,2025.978,2027.048,0
2024-01-08 16:00:00,2027.048,2034.798,2026.998,2034.208,0
2024-01-08 20:00:00,2034.205,2035.775,2031.115,2032.795,0
2024-01-09 00:00:00,2032.815,2038.078,2030.245,2034.145,0
2024-01-09 04:00:00,2034.145,2038.428,2033.025,2036.255,0
2024-01-09 08:00:00,2036.295,2041.898,2026.015,2031.075,0
2024-01-09 12:00:00,2031.078,2031.945,2026.688,2028.315,0
2024-01-09 16:00:00,2028.335,2031.125,2028.275,2030.155,0
2024-01-09 20:00:00,2030.175,2032.785,2027.145,2029.725,0
2024-01-10 00:00:00,2029.785,2035.845,2023.795,2035.195,0
2024-01-10 04:00:00,2035.165,2040.135,2031.145,2031.415,0
2024-01-10 08:00:00,2031.435,2033.895,2024.635,2026.918,0
2024-01-10 12:00:00,2026.905,2027.628,2020.395,2023.495,0
2024-01-10 16:00:00,2023.485,2028.325,2023.128,2027.748,0
2024-01-10 20:00:00,2027.748,2032.185,2026.928,2031.995,0
2024-01-11 00:00:00,2032.095,2035.655,2030.295,2030.718,0
2024-01-11 04:00:00,2030.708,2034.935,2030.125,2032.315,0
2024-01-11 08:00:00,2032.325,2043.864,2013.545,2016.595,0
2024-01-11 12:00:00,2016.675,2028.475,2013.225,2027.395,0
2024-01-11 16:00:00,2027.415,2035.455,2027.093,2031.035,0
2024-01-11 20:00:00,2031.025,2035.575,2029.975,2034.578,0
2024-01-12 00:00:00,2034.578,2039.765,2033.575,2038.645,0
2024-01-12 04:00:00,2038.605,2053.625,2037.755,2047.665,0
2024-01-12 08:00:00,2047.765,2062.145,2044.258,2048.235,0
2024-01-12 12:00:00,2048.155,2048.505,2041.325,2043.815,0
2024-01-14 16:00:00,2048.498,2048.605,2045.675,2047.775,0
2024-01-14 20:00:00,2047.735,2057.985,2047.405,2054.235,0
2024-01-15 00:00:00,2054.215,2058.505,2052.765,2056.545,0
2024-01-15 04:00:00,2056.475,2056.925,2051.265,2052.655,0
2024-01-15 08:00:00,2052.725,2054.868,2049.29,2053.965,0
2024-01-15 12:00:00,2053.945,2056.218,2053.458,2054.505,0
2024-01-15 16:00:00,2053.914,2055.495,2050.685,2051.345,0
2024-01-15 20:00:00,2051.335,2053.238,2048.265,2049.325,0
2024-01-16 00:00:00,2049.345,2050.825,2042.025,2043.015,0
2024-01-16 04:00:00,2042.995,2043.825,2035.535,2038.365,0
2024-01-16 08:00:00,2038.335,2044.915,2031.275,2033.358,0
2024-01-16 12:00:00,2033.355,2033.715,2024.165,2028.128,0
2024-01-16 16:00:00,2028.128,2028.805,2025.515,2028.405,0
2024-01-16 20:00:00,2028.344,2032.815,2023.185,2025.355,0
2024-01-17 00:00:00,2025.335,2026.498,2017.598,2021.365,0
2024-01-17 04:00:00,2021.325,2028.898,2018.915,2028.255,0
2024-01-17 08:00:00,2028.325,2028.568,2004.215,2005.365,0
2024-01-17 12:00:00,2005.345,2007.975,2001.755,2006.015,0
2024-01-17 16:00:00,2006.045,2010.758,2004.905,2010.658,0
2024-01-17 20:00:00,2010.678,2012.055,2006.345,2008.035,0
2024-01-18 00:00:00,2008.045,2014.045,2005.705,2009.595,0
2024-01-18 04:00:00,2009.585,2017.155,2008.075,2014.885,0
2024-01-18 08:00:00,2014.885,2017.635,2007.175,2014.805,0
2024-01-18 12:00:00,2014.805,2022.565,2013.165,2022.195,0
2024-01-18 16:00:00,2022.155,2024.555,2021.095,2023.005,0
2024-01-18 20:00:00,2022.995,2025.475,2020.625,2020.995,0
2024-01-19 00:00:00,2020.975,2030.115,2020.325,2029.635,0
2024-01-19 04:00:00,2029.625,2035.055,2027.525,2032.735,0
2024-01-19 08:00:00,2032.725,2039.278,2023.035,2024.745,0
2024-01-19 12:00:00,2024.765,2029.475,2024.265,2028.295,0
2024-01-19 16:00:00,2028.225,2029.815,2028.058,2029.375,0
2024-01-21 16:00:00,2029.715,2029.715,2025.385,2028.925,0
2024-01-21 20:00:00,2028.945,2032.005,2024.565,2025.405,0
2024-01-22 00:00:00,2025.335,2026.165,2018.985,2022.155,0
2024-01-22 04:00:00,2022.155,2030.028,2020.495,2029.558,0
2024-01-22 08:00:00,2029.555,2029.588,2016.448,2023.535,0
2024-01-22 12:00:00,2023.505,2024.438,2019.055,2020.745,0
2024-01-22 16:00:00,2020.725,2023.025,2020.135,2022.665,0
2024-01-22 20:00:00,2022.665,2027.855,2019.515,2027.508,0
2024-01-23 00:00:00,2027.494,2037.808,2027.165,2028.875,0
2024-01-23 04:00:00,2028.875,2030.405,2022.298,2025.578,0
2024-01-23 08:00:00,2025.578,2030.265,2021.325,2025.635,0
2024-01-23 12:00:00,2025.638,2030.558,2022.565,2028.575,0
2024-01-23 16:00:00,2028.555,2029.555,2026.915,2027.345,0
2024-01-23 20:00:00,2027.325,2028.925,2023.628,2024.405,0
2024-01-24 00:00:00,2024.395,2032.175,2022.725,2030.795,0
2024-01-24 04:00:00,2030.775,2034.298,2029.165,2032.635,0
2024-01-24 08:00:00,2032.635,2036.575,2011.825,2015.195,0
2024-01-24 12:00:00,2015.215,2019.715,2011.105,2012.195,0
2024-01-24 16:00:00,2012.205,2017.565,2011.955,2015.385,0
2024-01-24 20:00:00,2015.375,2017.175,2014.435,2015.665,0
2024-01-25 00:00:00,2015.665,2018.225,2012.555,2013.745,0
2024-01-25 04:00:00,2013.745,2019.445,2012.715,2013.665,0
2024-01-25 08:00:00,2013.665,2025.175,2009.455,2014.455,0
2024-01-25 12:00:00,2014.475,2020.225,2012.415,2020.035,0
2024-01-25 16:00:00,2020.035,2021.811,2018.275,2021.105,0
2024-01-25 20:00:00,2021.105,2024.125,2020.945,2021.115,0
2024-01-26 00:00:00,2021.075,2023.395,2019.735,2020.385,0
2024-01-26 04:00:00,2020.415,2024.545,2018.105,2021.175,0
2024-01-26 08:00:00,2021.175,2026.715,2015.845,2018.095,0
2024-01-26 12:00:00,2018.055,2019.205,2015.955,2018.465,0
2024-01-26 16:00:00,2018.405,2019.055,2017.875,2017.915,0
2024-01-28 16:00:00,2024.215,2028.384,2019.195,2021.535,0
2024-01-28 20:00:00,2021.445,2027.445,2021.015,2026.185,0
2024-01-29 00:00:00,2026.205,2033.795,2024.625,2031.505,0
2024-01-29 04:00:00,2031.525,2031.865,2025.358,2028.335,0
2024-01-29 08:00:00,2028.445,2037.465,2020.485,2027.005,0
2024-01-29 12:00:00,2027.025,2035.145,2025.045,2032.608,0
2024-01-29 16:00:00,2032.485,2034.025,2029.055,2033.525,0
2024-01-29 20:00:00,2033.515,2033.905,2029.745,2031.705,0
2024-01-30 00:00:00,2031.595,2040.285,2031.485,2038.215,0
2024-01-30 04:00:00,2038.265,2038.555,2031.298,2035.875,0
2024-01-30 08:00:00,2035.895,2048.448,2028.935,2035.805,0
2024-01-30 12:00:00,2035.805,2036.918,2031.345,2035.878,0
2024-01-30 16:00:00,2035.835,2038.528,2035.545,2035.985,0
2024-01-30 20:00:00,2035.945,2037.105,2032.735,2034.475,0
2024-01-31 00:00:00,2034.465,2040.305,2033.165,2038.955,0
2024-01-31 04:00:00,2038.915,2039.675,2036.425,2038.358,0
2024-01-31 08:00:00,2038.358,2055.878,2035.955,2049.895,0
2024-01-31 12:00:00,2049.835,2050.975,2031.0,2034.785,0
2024-01-31 16:00:00,2034.755,2042.575,2033.265,2040.645,0
2024-01-31 20:00:00,2040.645,2049.475,2039.908,2045.634,0
2024-02-01 00:00:00,2045.605,2046.215,2038.885,2041.875,0
2024-02-01 04:00:00,2041.845,2042.735,2029.905,2034.165,0
2024-02-01 08:00:00,2034.135,2065.348,2030.745,2059.245,0
2024-02-01 12:00:00,2059.265,2062.345,2051.158,2055.495,0
2024-02-01 16:00:00,2055.405,2056.845,2053.765,2054.905,0
2024-02-01 20:00:00,2054.935,2055.935,2051.775,2054.965,0
2024-02-02 00:00:00,2054.945,2056.855,2053.595,2053.945,0
2024-02-02 04:00:00,2053.905,2056.265,2052.595,2055.115,0
2024-02-02 08:00:00,2055.185,2057.545,2027.635,2036.165,0
2024-02-02 12:00:00,2036.215,2038.665,2033.838,2035.945,0
2024-02-02 16:00:00,2036.005,2039.735,2036.005,2039.275,0
2024-02-04 16:00:00,2040.054,2042.034,2033.545,2035.575,0
2024-02-04 20:00:00,2035.535,2038.645,2030.108,2031.825,0
2024-02-05 00:00:00,2031.785,2031.965,2021.385,2023.365,0
2024-02-05 04:00:00,2023.355,2028.258,2020.555,2022.558,0
2024-02-05 08:00:00,2022.505,2023.558,2014.835,2022.088,0
2024-02-05 12:00:00,2022.065,2027.465,2021.245,2024.895,0
2024-02-05 16:00:00,2024.895,2027.555,2023.665,2026.744,0
2024-02-05 20:00:00,2026.735,2028.505,2023.395,2026.245,0
2024-02-06 00:00:00,2026.285,2029.715,2023.285,2023.735,0
2024-02-06 04:00:00,2023.705,2027.828,2022.795,2027.685,0
2024-02-06 08:00:00,2027.635,2038.785,2026.175,2036.498,0
2024-02-06 12:00:00,2036.495,2038.295,2032.005,2035.655,0
2024-02-06 16:00:00,2035.635,2036.078,2034.325,2034.995,0
2024-02-06 20:00:00,2034.995,2035.755,2033.965,2035.145,0
2024-02-07 00:00:00,2035.125,2036.085,2031.138,2032.805,0
2024-02-07 04:00:00,2032.845,2035.705,2030.505,2033.385,0
2024-02-07 08:00:00,2033.475,2044.465,2032.265,2038.325,0
2024-02-07 12:00:00,2038.255,2038.365,2034.0,2034.638,0
2024-02-07 16:00:00,2034.635,2037.665,2033.605,2037.205,0
2024-02-07 20:00:00,2037.255,2038.635,2031.605,2032.125,0
2024-02-08 00:00:00,2032.045,2035.045,2028.835,2030.735,0
2024-02-08 04:00:00,2030.725,2038.355,2023.555,2024.865,0
2024-02-08 08:00:00,2024.945,2033.935,2020.095,2031.835,0
2024-02-08 12:00:00,2031.845,2035.175,2030.245,2032.885,0
2024-02-08 16:00:00,2032.915,2034.848,2031.785,2031.975,0
2024-02-08 20:00:00,2031.975,2034.978,2031.975,2032.655,0
2024-02-09 00:00:00,2032.615,2034.825,2030.425,2032.325,0
2024-02-09 04:00:00,2032.325,2033.495,2028.475,2028.725,0
2024-02-09 08:00:00,2028.705,2037.058,2020.195,2021.535,0
2024-02-09 12:00:00,2021.455,2026.245,2021.185,2025.035,0
2024-02-09 16:00:00,2025.035,2025.505,2023.795,2024.155,0
2024-02-11 16:00:00,2023.495,2026.708,2023.194,2025.065,0
2024-02-11 20:00:00,2025.095,2026.505,2021.755,2023.075,0
2024-02-12 00:00:00,2023.105,2027.158,2022.865,2023.605,0
2024-02-12 04:00:00,2023.565,2023.775,2019.915,2021.325,0
2024-02-12 08:00:00,2021.395,2027.505,2011.795,2015.865,0
2024-02-12 12:00:00,2015.865,2021.448,2015.575,2019.955,0
2024-02-12 16:00:00,2020.035,2020.408,2018.235,2019.398,0
2024-02-12 20:00:00,2019.334,2021.125,2016.785,2018.895,0
2024-02-13 00:00:00,2018.905,2026.195,2018.905,2026.075,0
2024-02-13 04:00:00,2026.005,2029.255,2025.095,2028.175,0
2024-02-13 08:00:00,2028.155,2032.845,1989.985,1994.815,0
2024-02-13 12:00:00,1994.845,1995.935,1991.165,1992.525,0
2024-02-13 16:00:00,1992.545,1993.468,1990.655,1992.555,0
2024-02-13 20:00:00,1992.605,1993.515,1988.735,1992.285,0
2024-02-14 00:00:00,1992.265,1993.245,1985.945,1988.355,0
2024-02-14 04:00:00,1988.375,1993.315,1988.298,1990.175,0
2024-02-14 08:00:00,1990.195,1993.545,1984.088,1993.075,0
2024-02-14 12:00:00,1993.055,1996.025,1989.535,1991.025,0
2024-02-14 16:00:00,1990.945,1994.165,1990.258,1993.585,0
2024-02-14 20:00:00,1993.535,1994.195,1990.175,1991.945,0
2024-02-15 00:00:00,1991.925,1995.935,1991.495,1995.065,0
2024-02-15 04:00:00,1995.068,1999.035,1993.775,1997.915,0
2024-02-15 08:00:00,1997.915,2008.175,1995.585,2000.085,0
2024-02-15 12:00:00,2000.105,2006.375,2000.005,2004.315,0
2024-02-15 16:00:00,2004.335,2004.658,2002.228,2002.428,0
2024-02-15 20:00:00,2002.428,2005.555,2002.278,2003.555,0
2024-02-16 00:00:00,2003.535,2006.405,2002.625,2004.875,0
2024-02-16 04:00:00,2004.905,2008.045,2004.105,2006.755,0
2024-02-16 08:00:00,2006.705,2010.915,1994.985,2009.125,0
2024-02-16 12:00:00,2009.115,2015.095,2008.635,2011.835,0
2024-02-16 16:00:00,2011.855,2013.835,2011.855,2013.055,0
2024-02-18 16:00:00,2014.595,2019.995,2009.935,2018.715,0
2024-02-18 20:00:00,2018.705,2022.785,2016.295,2018.985,0
2024-02-19 00:00:00,2018.985,2022.895,2018.475,2020.075,0
2024-02-19 04:00:00,2020.095,2020.635,2015.905,2016.685,0
2024-02-19 08:00:00,2016.665,2019.158,2013.185,2016.145,0
2024-02-19 12:00:00,2016.165,2018.435,2015.925,2017.775,0
2024-02-19 16:00:00,2017.498,2017.855,2014.945,2016.135,0
2024-02-19 20:00:00,2016.135,2019.645,2015.135,2019.405,0
2024-02-20 00:00:00,2019.465,2022.885,2017.635,2022.735,0
2024-02-20 04:00:00,2022.678,2027.915,2022.435,2026.565,0
2024-02-20 08:00:00,2026.595,2030.765,2025.315,2026.805,0
2024-02-20 12:00:00,2026.805,2028.785,2023.465,2024.225,0
2024-02-20 16:00:00,2024.315,2024.885,2022.835,2023.455,0
2024-02-20 20:00:00,2023.465,2031.195,2023.215,2030.765,0
2024-02-21 00:00:00,2030.825,2032.195,2026.105,2026.455,0
2024-02-21 04:00:00,2026.445,2030.075,2025.845,2029.355,0
2024-02-21 08:00:00,2029.335,2031.475,2023.135,2023.855,0
2024-02-21 12:00:00,2023.905,2026.895,2019.915,2024.268,0
2024-02-21 16:00:00,2024.265,2026.685,2023.858,2026.375,0
2024-02-21 20:00:00,2026.395,2028.835,2025.448,2028.745,0
2024-02-22 00:00:00,2028.815,2034.708,2028.098,2033.135,0
2024-02-22 04:00:00,2033.155,2033.155,2027.155,2028.175,0
2024-02-22 08:00:00,2028.195,2028.485,2019.725,2020.865,0
2024-02-22 12:00:00,2020.885,2024.598,2019.555,2024.528,0
2024-02-22 16:00:00,2024.528,2026.075,2022.685,2024.395,0
2024-02-22 20:00:00,2024.394,2027.295,2023.955,2025.995,0
2024-02-23 00:00:00,2026.035,2026.095,2018.025,2019.455,0
2024-02-23 04:00:00,2019.445,2028.695,2015.955,2027.905,0
2024-02-23 08:00:00,2027.935,2038.455,2024.065,2038.265,0
2024-02-23 12:00:00,2038.335,2041.285,2035.605,2036.535,0
2024-02-23 16:00:00,2036.465,2036.515,2034.955,2035.215,0
2024-02-25 16:00:00,2034.295,2034.865,2029.795,2030.235,0
2024-02-25 20:00:00,2030.255,2033.955,2029.775,2032.155,0
2024-02-26 00:00:00,2032.095,2036.965,2031.795,2033.965,0
2024-02-26 04:00:00,2033.935,2035.325,2030.645,2032.775,0
2024-02-26 08:00:00,2032.694,2034.328,2024.975,2027.685,0
2024-02-26 12:00:00,2027.715,2033.555,2026.475,2032.208,0
2024-02-26 16:00:00,2032.198,2032.425,2030.398,2031.425,0
2024-02-26 20:00:00,2031.445,2034.495,2031.185,2033.675,0
2024-02-27 00:00:00,2033.685,2039.375,2032.745,2038.005,0
2024-02-27 04:00:00,2038.025,2038.978,2034.525,2038.215,0
2024-02-27 08:00:00,2038.235,2038.565,2031.715,2033.015,0
2024-02-27 12:00:00,2033.045,2035.965,2028.725,2030.065,0
2024-02-27 16:00:00,2030.065,2031.175,2029.075,2030.725,0
2024-02-27 20:00:00,2030.725,2033.625,2029.645,2030.118,0
2024-02-28 00:00:00,2030.064,2031.965,2026.575,2026.695,0
2024-02-28 04:00:00,2026.655,2030.345,2024.355,2029.475,0
2024-02-28 08:00:00,2029.478,2037.805,2028.958,2033.505,0
2024-02-28 12:00:00,2033.525,2035.478,2030.738,2033.658,0
2024-02-28 16:00:00,2033.645,2035.505,2032.975,2034.095,0
2024-02-28 20:00:00,2034.095,2037.015,2034.095,2035.048,0
2024-02-29 00:00:00,2035.085,2037.735,2034.355,2037.135,0
2024-02-29 04:00:00,2037.255,2037.385,2028.015,2030.155,0
2024-02-29 08:00:00,2030.165,2050.605,2030.095,2044.835,0
2024-02-29 12:00:00,2044.804,2046.785,2043.138,2043.935,0
2024-02-29 16:00:00,2043.995,2044.235,2042.765,2043.594,0
2024-02-29 20:00:00,2043.594,2046.755,2042.955,2045.425,0
2024-03-01 00:00:00,2045.505,2048.745,2038.915,2039.745,0
2024-03-01 04:00:00,2039.725,2057.395,2039.365,2052.275,0
2024-03-01 08:00:00,2052.258,2081.865,2045.495,2081.045,0
2024-03-01 12:00:00,2080.875,2088.215,2079.925,2083.375,0
2024-03-01 16:00:00,2083.375,2083.898,2082.345,2082.395,0
2024-03-03 16:00:00,2081.835,2086.145,2081.835,2082.535,0
2024-03-03 20:00:00,2082.635,2083.365,2079.308,2080.715,0
2024-03-04 00:00:00,2080.635,2088.195,2080.395,2083.765,0
2024-03-04 04:00:00,2083.785,2086.065,2081.755,2082.465,0
2024-03-04 08:00:00,2082.465,2119.805,2081.018,2119.178,0
2024-03-04 12:00:00,2119.165,2119.648,2113.208,2116.585,0
2024-03-04 16:00:00,2116.555,2117.205,2113.295,2115.395,0
2024-03-04 20:00:00,2115.345,2116.725,2110.375,2115.815,0
2024-03-05 00:00:00,2115.765,2123.275,2113.845,2120.575,0
2024-03-05 04:00:00,2120.645,2127.235,2118.925,2124.278,0
2024-03-05 08:00:00,2124.295,2141.748,2122.265,2128.225,0
2024-03-05 12:00:00,2128.258,2134.655,2127.425,2129.528,0
2024-03-05 16:00:00,2129.528,2129.958,2126.035,2126.805,0
2024-03-05 20:00:00,2126.805,2127.918,2123.615,2126.115,0
2024-03-06 00:00:00,2126.085,2131.445,2124.255,2124.975,0
2024-03-06 04:00:00,2124.975,2134.958,2124.575,2134.125,0
2024-03-06 08:00:00,2134.105,2149.755,2131.345,2148.078,0
2024-03-06 12:00:00,2148.078,2152.085,2139.345,2146.615,0
2024-03-06 16:00:00,2146.555,2151.135,2144.445,2148.815,0
2024-03-06 20:00:00,2148.855,2161.435,2144.048,2158.115,0
2024-03-07 00:00:00,2158.125,2159.735,2151.435,2155.225,0
2024-03-07 04:00:00,2155.225,2158.845,2153.128,2158.295,0
2024-03-07 08:00:00,2158.295,2164.635,2147.825,2156.095,0
2024-03-07 12:00:00,2156.115,2160.785,2155.185,2158.535,0
2024-03-07 16:00:00,2158.575,2163.475,2158.275,2160.775,0
2024-03-07 20:00:00,2160.795,2161.675,2153.895,2157.625,0
2024-03-08 00:00:00,2157.665,2168.615,2156.385,2165.085,0
2024-03-08 04:00:00,2165.125,2170.995,2164.525,2165.905,0
2024-03-08 08:00:00,2165.905,2185.305,2155.778,2180.575,0
2024-03-08 12:00:00,2180.585,2195.085,2168.215,2177.185,0
2024-03-08 16:00:00,2177.114,2179.155,2176.755,2178.965,0
2024-03-10 16:00:00,2179.015,2188.925,2177.005,2186.595,0
2024-03-10 20:00:00,2186.605,2186.685,2176.755,2180.585,0
2024-03-11 00:00:00,2180.615,2182.958,2176.625,2177.335,0
2024-03-11 04:00:00,2177.325,2181.445,2175.785,2177.035,0
2024-03-11 08:00:00,2177.015,2185.595,2174.695,2180.715,0
2024-03-11 12:00:00,2180.755,2184.048,2177.045,2182.085,0
2024-03-11 16:00:00,2182.008,2184.625,2180.165,2180.335,0
2024-03-11 20:00:00,2180.345,2183.005,2176.695,2178.085,0
2024-03-12 00:00:00,2178.095,2179.075,2173.485,2177.715,0
2024-03-12 04:00:00,2177.745,2181.868,2160.908,2169.675,0
2024-03-12 08:00:00,2169.655,2169.795,2152.545,2165.655,0
2024-03-12 12:00:00,2165.648,2165.648,2150.455,2158.045,0
2024-03-12 16:00:00,2157.538,2161.335,2155.665,2159.215,0
2024-03-12 20:00:00,2159.235,2161.495,2157.198,2159.255,0
2024-03-13 00:00:00,2159.215,2161.408,2157.835,2158.115,0
2024-03-13 04:00:00,2158.105,2166.185,2157.395,2163.408,0
2024-03-13 08:00:00,2163.405,2174.575,2161.345,2173.585,0
2024-03-13 12:00:00,2173.585,2179.745,2171.665,2174.065,0
2024-03-13 16:00:00,2173.568,2176.495,2173.485,2176.195,0
2024-03-13 20:00:00,2176.255,2176.848,2170.915,2171.635,0
2024-03-14 00:00:00,2171.595,2171.845,2167.325,2169.465,0
2024-03-14 04:00:00,2169.475,2171.935,2160.345,2162.675,0
2024-03-14 08:00:00,2162.655,2167.145,2152.665,2158.548,0
2024-03-14 12:00:00,2158.544,2164.905,2157.928,2161.765,0
2024-03-14 16:00:00,2161.338,2163.035,2160.485,2162.575,0
2024-03-14 20:00:00,2162.575,2165.875,2161.575,2164.365,0
2024-03-15 00:00:00,2164.435,2169.975,2163.485,2168.895,0
2024-03-15 04:00:00,2168.925,2172.615,2157.475,2161.705,0
2024-03-15 08:00:00,2161.695,2166.615,2156.435,2158.685,0
2024-03-15 12:00:00,2158.715,2160.495,2155.115,2155.625,0
2024-03-17 16:00:00,2155.395,2157.435,2151.435,2156.515,0
2024-03-17 20:00:00,2156.505,2156.535,2145.985,2147.255,0
2024-03-18 00:00:00,2147.195,2154.385,2145.985,2153.378,0
2024-03-18 04:00:00,2153.378,2163.455,2153.208,2158.985,0
2024-03-18 08:00:00,2158.955,2161.178,2154.465,2159.805,0
2024-03-18 12:00:00,2159.815,2161.048,2158.015,2159.995,0
2024-03-18 16:00:00,2159.698,2162.745,2159.698,2160.545,0
2024-03-18 20:00:00,2160.545,2162.675,2158.485,2160.165,0
2024-03-19 00:00:00,2160.165,2160.375,2147.045,2153.015,0
2024-03-19 04:00:00,2153.055,2158.535,2150.645,2156.865,0
2024-03-19 08:00:00,2156.845,2158.615,2148.285,2154.425,0
2024-03-19 12:00:00,2154.445,2158.355,2154.245,2156.995,0
2024-03-19 16:00:00,2157.298,2159.565,2155.125,2157.075,0
2024-03-19 20:00:00,2157.105,2160.135,2156.535,2156.785,0
2024-03-20 00:00:00,2156.795,2159.378,2154.375,2156.085,0
2024-03-20 04:00:00,2156.085,2156.105,2149.475,2153.105,0
2024-03-20 08:00:00,2153.155,2164.755,2150.385,2157.585,0
2024-03-20 12:00:00,2157.605,2188.735,2156.485,2185.855,0
2024-03-20 16:00:00,2186.255,2222.875,2186.185,2198.865,0
2024-03-20 20:00:00,2198.825,2212.275,2197.865,2203.185,0
2024-03-21 00:00:00,2203.205,2210.095,2196.735,2201.455,0
2024-03-21 04:00:00,2201.515,2211.685,2199.795,2207.595,0
2024-03-21 08:00:00,2207.615,2208.035,2166.264,2179.815,0
2024-03-21 12:00:00,2179.815,2183.875,2178.425,2180.815,0
2024-03-21 16:00:00,2181.285,2185.965,2180.698,2184.895,0
2024-03-21 20:00:00,2184.885,2185.805,2171.735,2173.505,0
2024-03-22 00:00:00,2173.505,2176.175,2162.475,2167.865,0
2024-03-22 04:00:00,2167.895,2176.108,2165.075,2174.495,0
2024-03-22 08:00:00,2174.485,2180.035,2161.525,2162.595,0
2024-03-22 12:00:00,2162.545,2167.155,2157.035,2165.055,0
2024-03-24 16:00:00,2165.475,2169.355,2163.965,2165.435,0
2024-03-24 20:00:00,2165.465,2178.245,2163.885,2169.345,0
2024-03-25 00:00:00,2169.375,2170.985,2163.455,2165.605,0
2024-03-25 04:00:00,2165.625,2176.935,2164.225,2174.415,0
2024-03-25 08:00:00,2174.405,2181.205,2172.925,2175.705,0
2024-03-25 12:00:00,2175.715,2176.555,2170.615,2171.235,0
2024-03-25 16:00:00,2171.195,2174.295,2171.088,2173.745,0
2024-03-25 20:00:00,2173.765,2174.235,2167.458,2172.215,0
2024-03-26 00:00:00,2172.185,2179.145,2169.525,2178.215,0
2024-03-26 04:00:00,2178.215,2199.995,2178.215,2187.825,0
2024-03-26 08:00:00,2187.845,2192.748,2171.595,2176.688,0
2024-03-26 12:00:00,2176.665,2179.095,2174.508,2178.515,0
2024-03-26 16:00:00,2178.065,2180.085,2176.625,2177.385,0
2024-03-26 20:00:00,2177.355,2181.615,2173.275,2178.285,0
2024-03-27 00:00:00,2178.265,2182.585,2175.625,2177.345,0
2024-03-27 04:00:00,2177.305,2197.505,2176.495,2185.968,0
2024-03-27 08:00:00,2185.975,2195.125,2183.435,2192.335,0
2024-03-27 12:00:00,2192.315,2195.065,2188.925,2194.335,0
2024-03-27 16:00:00,2193.998,2194.065,2187.225,2188.958,0
2024-03-27 20:00:00,2188.965,2196.775,2187.378,2195.565,0
2024-03-28 00:00:00,2195.555,2200.545,2190.725,2194.635,0
2024-03-28 04:00:00,2194.645,2216.805,2192.385,2215.605,0
2024-03-28 08:00:00,2215.615,2225.365,2202.094,2220.285,0
2024-03-28 12:00:00,2220.305,2236.015,2216.608,2232.698,0
2024-03-31 16:00:00,2238.435,2245.185,2234.845,2236.805,0
2024-03-31 20:00:00,2245.935,2265.035,2243.755,2264.325,0
2024-04-01 00:00:00,2264.345,2265.585,2256.785,2257.358,0
2024-04-01 04:00:00,2257.355,2260.085,2245.435,2246.745,0
2024-04-01 08:00:00,2246.745,2257.758,2228.395,2239.625,0
2024-04-01 12:00:00,2239.605,2244.648,2234.635,2244.648,0
2024-04-01 16:00:00,2244.648,2255.745,2242.948,2248.885,0
2024-04-01 20:00:00,2248.865,2255.165,2246.585,2251.485,0
2024-04-02 00:00:00,2251.585,2259.798,2250.295,2256.315,0
2024-04-02 04:00:00,2256.315,2266.695,2255.168,2260.495,0
2024-04-02 08:00:00,2260.555,2276.858,2250.785,2258.528,0
2024-04-02 12:00:00,2258.525,2279.325,2254.035,2277.348,0
2024-04-02 16:00:00,2277.375,2288.185,2275.635,2279.845,0
2024-04-02 20:00:00,2279.674,2287.885,2276.564,2284.985,0
2024-04-03 00:00:00,2285.025,2286.898,2270.338,2271.075,0
2024-04-03 04:00:00,2271.065,2275.995,2267.558,2273.598,0
2024-04-03 08:00:00,2273.565,2288.245,2265.405,2286.215,0
2024-04-03 12:00:00,2286.215,2298.745,2280.605,2297.365,0
2024-04-03 16:00:00,2297.485,2302.555,2296.245,2297.445,0
2024-04-03 20:00:00,2297.515,2304.795,2297.235,2299.015,0
2024-04-04 00:00:00,2299.078,2300.558,2291.755,2292.925,0
2024-04-04 04:00:00,2292.904,2295.045,2288.745,2289.205,0
2024-04-04 08:00:00,2289.235,2299.305,2282.604,2291.985,0
2024-04-04 12:00:00,2291.914,2305.425,2279.688,2284.775,0
2024-04-04 16:00:00,2284.725,2293.265,2284.725,2288.635,0
2024-04-04 20:00:00,2288.675,2290.255,2267.605,2276.595,0
2024-04-05 00:00:00,2276.655,2290.495,2276.455,2289.075,0
2024-04-05 04:00:00,2289.045,2295.985,2284.768,2291.055,0
2024-04-05 08:00:00,2290.905,2328.278,2280.235,2326.085,0
2024-04-05 12:00:00,2326.085,2330.345,2320.575,2323.115,0
2024-04-05 16:00:00,2323.165,2330.025,2322.745,2328.195,0
2024-04-07 16:00:00,2323.125,2328.255,2303.705,2311.115,0
2024-04-07 20:00:00,2311.195,2353.835,2302.755,2345.425,0
2024-04-08 00:00:00,2345.435,2345.505,2331.705,2337.695,0
2024-04-08 04:00:00,2337.695,2343.435,2333.215,2337.225,0
2024-04-08 08:00:00,2337.235,2337.905,2318.575,2327.795,0
2024-04-08 12:00:00,2327.885,2341.905,2325.925,2338.305,0
2024-04-08 16:00:00,2338.305,2340.375,2336.795,2338.685,0
2024-04-08 20:00:00,2338.685,2348.345,2337.725,2343.855,0
2024-04-09 00:00:00,2343.855,2356.805,2342.948,2353.855,0
2024-04-09 04:00:00,2353.855,2365.185,2349.465,2354.455,0
2024-04-09 08:00:00,2354.455,2364.135,2338.125,2340.225,0
2024-04-09 12:00:00,2340.218,2351.428,2339.975,2351.055,0
2024-04-09 16:00:00,2351.055,2355.148,2350.328,2354.775,0
2024-04-09 20:00:00,2354.715,2355.465,2344.665,2351.225,0
2024-04-10 00:00:00,2351.205,2360.065,2350.825,2352.965,0
2024-04-10 04:00:00,2353.138,2355.795,2344.715,2346.935,0
2024-04-10 08:00:00,2346.915,2352.285,2319.265,2336.925,0
2024-04-10 12:00:00,2336.895,2345.125,2325.715,2329.625,0
2024-04-10 16:00:00,2329.505,2337.175,2329.465,2335.435,0
2024-04-10 20:00:00,2335.495,2346.765,2333.195,2343.825,0
2024-04-11 00:00:00,2343.835,2346.005,2333.785,2336.325,0
2024-04-11 04:00:00,2336.345,2339.498,2325.655,2337.135,0
2024-04-11 08:00:00,2337.135,2347.345,2331.645,2344.655,0
2024-04-11 12:00:00,2344.665,2374.505,2342.575,2372.745,0
2024-04-11 16:00:00,2372.885,2379.455,2370.724,2376.725,0
2024-04-11 20:00:00,2376.965,2395.265,2374.485,2384.105,0
2024-04-12 00:00:00,2384.095,2400.215,2382.685,2399.865,0
2024-04-12 04:00:00,2399.875,2400.575,2390.315,2395.325,0
2024-04-12 08:00:00,2395.325,2431.385,2381.945,2395.505,0
2024-04-12 12:00:00,2395.435,2395.435,2333.755,2343.295,0
2024-04-12 16:00:00,2343.295,2345.005,2341.635,2343.285,0
2024-04-14 16:00:00,2352.098,2372.435,2346.735,2364.585,0
2024-04-14 20:00:00,2364.645,2365.755,2348.255,2358.475,0
2024-04-15 00:00:00,2358.385,2362.335,2349.865,2353.035,0
2024-04-15 04:00:00,2353.015,2361.075,2344.615,2357.875,0
2024-04-15 08:00:00,2357.878,2361.015,2323.858,2351.555,0
2024-04-15 12:00:00,2351.555,2387.448,2346.065,2386.305,0
2024-04-15 16:00:00,2386.305,2392.035,2379.985,2381.825,0
2024-04-15 20:00:00,2381.744,2389.198,2379.185,2387.818,0
2024-04-16 00:00:00,2387.825,2388.935,2362.844,2365.385,0
2024-04-16 04:00:00,2365.445,2375.228,2365.035,2373.888,0
2024-04-16 08:00:00,2373.878,2392.908,2363.435,2385.865,0
2024-04-16 12:00:00,2385.928,2398.128,2379.615,2389.528,0
2024-04-16 16:00:00,2389.485,2390.175,2378.275,2382.575,0
2024-04-16 20:00:00,2382.585,2386.105,2380.615,2381.605,0
2024-04-17 00:00:00,2381.588,2383.185,2372.575,2382.378,0
2024-04-17 04:00:00,2382.378,2394.165,2382.378,2387.195,0
2024-04-17 08:00:00,2387.215,2395.448,2378.248,2382.075,0
2024-04-17 12:00:00,2382.075,2384.335,2360.955,2372.555,0
2024-04-17 16:00:00,2372.545,2373.195,2354.435,2367.815,0
2024-04-17 20:00:00,2367.815,2375.205,2363.965,2374.735,0
2024-04-18 00:00:00,2374.655,2380.855,2373.148,2377.715,0
2024-04-18 04:00:00,2377.698,2385.195,2377.155,2380.795,0
2024-04-18 08:00:00,2380.795,2392.624,2369.468,2383.978,0
2024-04-18 12:00:00,2383.978,2389.228,2378.025,2380.095,0
2024-04-18 16:00:00,2380.095,2381.375,2376.845,2379.795,0
2024-04-18 20:00:00,2379.685,2417.745,2373.685,2391.235,0
2024-04-19 00:00:00,2391.235,2393.795,2378.505,2385.255,0
2024-04-19 04:00:00,2385.195,2386.208,2372.805,2376.735,0
2024-04-19 08:00:00,2376.735,2395.895,2373.005,2394.765,0
2024-04-19 12:00:00,2394.715,2401.845,2386.565,2387.495,0
2024-04-19 16:00:00,2387.455,2392.088,2386.595,2390.295,0
2024-04-21 16:00:00,2387.635,2388.425,2381.275,2386.405,0
2024-04-21 20:00:00,2386.405,2386.455,2361.664,2369.285,0
2024-04-22 00:00:00,2369.345,2372.805,2351.265,2360.865,0
2024-04-22 04:00:00,2360.845,2363.565,2339.295,2342.085,0
2024-04-22 08:00:00,2342.085,2350.228,2330.965,2334.595,0
2024-04-22 12:00:00,2334.595,2336.345,2324.555,2329.145,0
2024-04-22 16:00:00,2329.125,2333.815,2325.225,2333.665,0
2024-04-22 20:00:00,2333.595,2334.305,2295.408,2302.465,0
2024-04-23 00:00:00,2302.485,2314.605,2298.718,2308.895,0
2024-04-23 04:00:00,2308.905,2309.605,2291.265,2302.035,0
2024-04-23 08:00:00,2302.055,2332.045,2301.125,2323.145,0
2024-04-23 12:00:00,2323.125,2331.214,2321.115,2322.168,0
2024-04-23 16:00:00,2322.198,2324.165,2321.205,2323.155,0
2024-04-23 20:00:00,2323.215,2328.045,2315.725,2327.815,0
2024-04-24 00:00:00,2327.815,2331.215,2320.575,2320.575,0
2024-04-24 04:00:00,2320.595,2321.835,2311.635,2316.035,0
2024-04-24 08:00:00,2316.015,2337.128,2311.985,2322.465,0
2024-04-24 12:00:00,2322.455,2330.395,2317.665,2318.858,0
2024-04-24 16:00:00,2318.885,2319.455,2313.555,2316.085,0
2024-04-24 20:00:00,2316.085,2321.985,2304.898,2313.075,0
2024-04-25 00:00:00,2313.084,2326.075,2312.275,2325.555,0
2024-04-25 04:00:00,2325.555,2330.478,2323.995,2328.425,0
2024-04-25 08:00:00,2328.425,2344.708,2312.734,2330.265,0
2024-04-25 12:00:00,2330.265,2336.288,2322.855,2332.795,0
2024-04-25 16:00:00,2332.815,2333.578,2329.995,2330.545,0
2024-04-25 20:00:00,2330.535,2336.128,2326.165,2334.565,0
2024-04-26 00:00:00,2334.575,2347.088,2333.435,2345.405,0
2024-04-26 04:00:00,2345.415,2352.418,2343.268,2344.775,0
2024-04-26 08:00:00,2344.785,2351.428,2328.605,2336.615,0
2024-04-26 12:00:00,2336.595,2341.275,2332.565,2339.915,0
2024-04-26 16:00:00,2339.915,2340.045,2336.298,2337.245,0
2024-04-28 16:00:00,2336.065,2337.095,2332.405,2335.845,0
2024-04-28 20:00:00,2335.775,2336.145,2319.728,2328.338,0
2024-04-29 00:00:00,2328.338,2337.805,2327.255,2337.165,0
2024-04-29 04:00:00,2337.065,2344.285,2335.295,2336.955,0
2024-04-29 08:00:00,2336.965,2339.358,2325.455,2337.695,0
2024-04-29 12:00:00,2337.735,2346.585,2332.895,2335.615,0
2024-04-29 16:00:00,2335.605,2337.005,2332.705,2333.025,0
2024-04-29 20:00:00,2333.005,2336.055,2326.745,2329.054,0
2024-04-30 00:00:00,2329.045,2329.385,2315.215,2317.445,0
2024-04-30 04:00:00,2317.455,2318.375,2309.435,2312.625,0
2024-04-30 08:00:00,2312.605,2313.355,2293.018,2295.835,0
2024-04-30 12:00:00,2295.845,2299.235,2289.205,2290.655,0
2024-04-30 16:00:00,2290.625,2293.405,2284.975,2291.265,0
2024-04-30 20:00:00,2291.185,2292.765,2282.745,2284.075,0
2024-05-01 00:00:00,2284.025,2289.695,2281.515,2285.725,0
2024-05-01 04:00:00,2285.725,2296.975,2283.695,2294.445,0
2024-05-01 08:00:00,2294.445,2310.325,2294.028,2307.128,0
2024-05-01 12:00:00,2307.215,2328.225,2295.445,2309.675,0
2024-05-01 16:00:00,2309.795,2324.685,2306.948,2323.638,0
2024-05-01 20:00:00,2323.678,2326.325,2317.205,2319.395,0
2024-05-02 00:00:00,2319.475,2320.875,2308.025,2309.115,0
2024-05-02 04:00:00,2309.225,2310.915,2295.065,2298.878,0
2024-05-02 08:00:00,2298.824,2306.825,2285.358,2299.773,0
2024-05-02 12:00:00,2299.805,2309.335,2297.805,2302.795,0
2024-05-02 16:00:00,2302.748,2305.545,2300.535,2304.115,0
2024-05-02 20:00:00,2304.115,2306.208,2299.725,2302.345,0
2024-05-03 00:00:00,2302.365,2308.615,2297.675,2299.078,0
2024-05-03 04:00:00,2299.105,2303.055,2296.265,2298.215,0
2024-05-03 08:00:00,2298.195,2320.548,2277.165,2293.598,0
2024-05-03 12:00:00,2293.608,2302.985,2292.735,2301.268,0
2024-05-03 16:00:00,2301.255,2303.235,2300.545,2301.175,0
2024-05-05 16:00:00,2304.655,2305.855,2293.185,2293.875,0
2024-05-05 20:00:00,2293.875,2315.215,2291.645,2309.215,0
2024-05-06 00:00:00,2309.215,2324.045,2308.015,2322.645,0
2024-05-06 04:00:00,2322.645,2322.965,2315.485,2318.165,0
2024-05-06 08:00:00,2318.145,2331.988,2314.485,2324.665,0
2024-05-06 12:00:00,2324.655,2327.278,2317.565,2324.915,0
2024-05-06 16:00:00,2324.874,2328.795,2322.095,2325.935,0
2024-05-06 20:00:00,2325.975,2329.788,2319.568,2324.775,0
2024-05-07 00:00:00,2324.795,2324.925,2317.635,2319.195,0
2024-05-07 04:00:00,2319.185,2319.755,2311.608,2312.245,0
2024-05-07 08:00:00,2312.215,2323.528,2309.818,2314.655,0
2024-05-07 12:00:00,2314.685,2317.295,2310.955,2314.555,0
2024-05-07 16:00:00,2314.555,2316.715,2312.628,2315.105,0
2024-05-07 20:00:00,2315.125,2318.045,2306.875,2316.925,0
2024-05-08 00:00:00,2316.975,2321.345,2305.115,2305.505,0
2024-05-08 04:00:00,2305.505,2317.938,2303.555,2314.595,0
2024-05-08 08:00:00,2314.575,2320.265,2306.685,2320.265,0
2024-05-08 12:00:00,2320.265,2320.945,2307.855,2308.005,0
2024-05-08 16:00:00,2308.125,2310.815,2307.755,2308.695,0
2024-05-08 20:00:00,2308.795,2312.948,2307.738,2312.235,0
2024-05-09 00:00:00,2312.065,2319.638,2307.555,2309.215,0
2024-05-09 04:00:00,2309.205,2316.524,2306.615,2315.818,0
2024-05-09 08:00:00,2315.778,2338.665,2311.968,2330.275,0
2024-05-09 12:00:00,2330.315,2343.975,2329.075,2343.675,0
2024-05-09 16:00:00,2343.654,2348.245,2342.965,2346.404,0
2024-05-09 20:00:00,2346.495,2355.674,2345.865,2353.255,0
2024-05-10 00:00:00,2353.285,2370.225,2351.115,2366.535,0
2024-05-10 04:00:00,2366.535,2378.365,2365.725,2372.075,0
2024-05-10 08:00:00,2371.995,2375.648,2356.495,2364.755,0
2024-05-10 12:00:00,2364.755,2370.815,2361.585,2363.295,0
2024-05-10 16:00:00,2363.315,2364.945,2359.605,2360.175,0
2024-05-12 16:00:00,2362.895,2363.995,2359.625,2360.278,0
2024-05-12 20:00:00,2360.325,2364.355,2354.715,2356.958,0
2024-05-13 00:00:00,2356.925,2356.925,2346.395,2348.518,0
2024-05-13 04:00:00,2348.518,2350.258,2338.325,2344.475,0
2024-05-13 08:00:00,2344.364,2349.678,2331.985,2335.778,0
2024-05-13 12:00:00,2335.765,2338.408,2334.385,2337.248,0
2024-05-13 16:00:00,2337.248,2339.195,2334.935,2338.275,0
2024-05-13 20:00:00,2338.275,2344.385,2334.695,2343.008,0
2024-05-14 00:00:00,2342.975,2345.798,2335.985,2339.085,0
2024-05-14 04:00:00,2339.135,2348.108,2337.695,2343.415,0
2024-05-14 08:00:00,2343.415,2356.935,2336.395,2347.848,0
2024-05-14 12:00:00,2347.838,2359.558,2346.205,2356.505,0
2024-05-14 16:00:00,2356.585,2358.378,2354.975,2355.695,0
2024-05-14 20:00:00,2355.695,2360.895,2354.774,2360.238,0
2024-05-15 00:00:00,2360.238,2364.838,2355.575,2362.315,0
2024-05-15 04:00:00,2362.315,2374.175,2361.915,2362.668,0
2024-05-15 08:00:00,2362.625,2385.665,2351.735,2377.488,0
2024-05-15 12:00:00,2377.518,2390.188,2376.975,2386.305,0
2024-05-15 16:00:00,2386.295,2391.815,2385.065,2391.715,0
2024-05-15 20:00:00,2391.755,2397.275,2386.415,2388.595,0
2024-05-16 00:00:00,2388.595,2394.388,2384.545,2389.205,0
2024-05-16 04:00:00,2389.185,2391.255,2380.805,2384.508,0
2024-05-16 08:00:00,2384.485,2386.125,2370.845,2381.428,0
2024-05-16 12:00:00,2381.415,2383.645,2377.704,2378.045,0
2024-05-16 16:00:00,2378.085,2379.585,2375.788,2377.705,0
2024-05-16 20:00:00,2377.785,2381.095,2373.788,2377.755,0
2024-05-17 00:00:00,2377.765,2387.668,2376.515,2383.748,0
2024-05-17 04:00:00,2383.748,2390.028,2381.185,2389.685,0
2024-05-17 08:00:00,2389.685,2418.988,2386.755,2407.615,0
2024-05-17 12:00:00,2407.675,2419.055,2405.625,2416.358,0
2024-05-17 16:00:00,2416.365,2422.575,2413.298,2414.525,0
2024-05-19 16:00:00,2417.098,2425.195,2416.715,2420.185,0
2024-05-19 20:00:00,2420.185,2440.465,2416.415,2437.518,0
2024-05-20 00:00:00,2437.488,2449.985,2431.848,2442.108,0
2024-05-20 04:00:00,2442.075,2447.015,2427.525,2430.495,0
2024-05-20 08:00:00,2430.435,2430.695,2407.145,2424.808,0
2024-05-20 12:00:00,2424.768,2437.205,2422.365,2426.648,0
2024-05-20 16:00:00,2426.825,2430.435,2423.195,2426.105,0
2024-05-20 20:00:00,2426.115,2432.955,2406.158,2413.665,0
2024-05-21 00:00:00,2413.645,2422.075,2408.484,2419.185,0
2024-05-21 04:00:00,2419.235,2423.628,2412.058,2423.325,0
2024-05-21 08:00:00,2423.325,2433.838,2419.915,2423.275,0
2024-05-21 12:00:00,2423.255,2424.928,2417.238,2423.228,0
2024-05-21 16:00:00,2423.225,2423.338,2420.258,2421.494,0
2024-05-21 20:00:00,2421.564,2426.344,2412.224,2413.904,0
2024-05-22 00:00:00,2413.914,2418.314,2411.214,2417.024,0
2024-05-22 04:00:00,2417.034,2419.195,2404.648,2408.665,0
2024-05-22 08:00:00,2408.645,2414.968,2382.105,2391.918,0
2024-05-22 12:00:00,2391.895,2394.915,2374.855,2379.108,0
2024-05-22 16:00:00,2379.058,2382.635,2377.315,2382.105,0
2024-05-22 20:00:00,2382.115,2383.605,2366.628,2372.365,0
2024-05-23 00:00:00,2372.315,2373.808,2354.855,2355.955,0
2024-05-23 04:00:00,2355.955,2369.315,2355.005,2367.945,0
2024-05-23 08:00:00,2367.908,2369.705,2340.175,2346.018,0
2024-05-23 12:00:00,2346.048,2350.055,2330.845,2331.418,0
2024-05-23 16:00:00,2331.395,2333.515,2326.848,2331.908,0
2024-05-23 20:00:00,2331.908,2335.058,2325.265,2330.495,0
2024-05-24 00:00:00,2330.495,2340.495,2330.355,2337.618,0
2024-05-24 04:00:00,2337.608,2343.735,2335.975,2338.108,0
2024-05-24 08:00:00,2338.108,2347.325,2332.255,2334.475,0
2024-05-24 12:00:00,2334.495,2336.868,2331.765,2333.658,0
2024-05-24 16:00:00,2333.815,2335.028,2333.075,2333.405,0
2024-05-26 16:00:00,2336.365,2340.588,2332.125,2337.105,0
2024-05-26 20:00:00,2337.135,2347.485,2334.328,2345.905,0
2024-05-27 00:00:00,2345.885,2345.948,2337.975,2338.458,0
2024-05-27 04:00:00,2338.555,2346.085,2338.055,2344.975,0
2024-05-27 08:00:00,2344.975,2358.388,2343.575,2352.328,0
2024-05-27 12:00:00,2352.285,2355.445,2350.498,2350.754,0
2024-05-27 16:00:00,2351.098,2353.765,2350.945,2352.365,0
2024-05-27 20:00:00,2352.365,2356.228,2349.015,2350.788,0
2024-05-28 00:00:00,2350.745,2353.625,2341.235,2343.975,0
2024-05-28 04:00:00,2343.935,2348.348,2340.155,2347.348,0
2024-05-28 08:00:00,2347.294,2363.975,2345.815,2360.188,0
2024-05-28 12:00:00,2360.155,2362.105,2352.685,2358.108,0
2024-05-28 16:00:00,2358.055,2362.105,2357.705,2359.685,0
2024-05-28 20:00:00,2359.495,2360.915,2354.288,2358.045,0
2024-05-29 00:00:00,2358.075,2361.275,2349.925,2350.425,0
2024-05-29 04:00:00,2350.405,2351.715,2338.435,2341.585,0
2024-05-29 08:00:00,2341.495,2347.065,2334.438,2339.048,0
2024-05-29 12:00:00,2339.038,2344.198,2335.895,2336.648,0
2024-05-29 16:00:00,2336.675,2339.105,2335.785,2338.285,0
2024-05-29 20:00:00,2338.235,2339.758,2327.885,2334.268,0
2024-05-30 00:00:00,2334.255,2337.588,2322.458,2334.255,0
2024-05-30 04:00:00,2334.355,2340.795,2330.455,2335.748,0
2024-05-30 08:00:00,2335.745,2351.698,2331.895,2343.738,0
2024-05-30 12:00:00,2343.738,2348.755,2339.795,2341.428,0
2024-05-30 16:00:00,2341.425,2346.275,2341.335,2343.864,0
2024-05-30 20:00:00,2343.865,2347.608,2336.845,2343.595,0
2024-05-31 00:00:00,2343.595,2346.945,2339.825,2340.295,0
2024-05-31 04:00:00,2340.315,2344.785,2339.615,2343.725,0
2024-05-31 08:00:00,2343.705,2359.598,2327.625,2329.978,0
2024-05-31 12:00:00,2329.925,2336.618,2320.395,2327.588,0
2024-05-31 16:00:00,2327.525,2330.495,2326.915,2326.995,0
2024-06-02 16:00:00,2327.425,2329.315,2323.205,2325.748,0
2024-06-02 20:00:00,2325.795,2331.005,2320.785,2321.285,0
2024-06-03 00:00:00,2321.335,2328.755,2314.635,2325.845,0
2024-06-03 04:00:00,2325.845,2333.128,2324.308,2329.868,0
2024-06-03 08:00:00,2329.868,2345.575,2325.535,2342.675,0
2024-06-03 12:00:00,2342.675,2354.565,2341.235,2347.588,0
2024-06-03 16:00:00,2347.555,2352.005,2346.865,2350.488,0
2024-06-03 20:00:00,2350.485,2352.645,2343.068,2345.578,0
2024-06-04 00:00:00,2345.578,2351.675,2339.008,2339.585,0
2024-06-04 04:00:00,2339.605,2339.625,2325.4,2327.865,0
2024-06-04 08:00:00,2327.865,2337.925,2315.508,2325.968,0
2024-06-04 12:00:00,2325.955,2330.198,2322.395,2327.128,0
2024-06-04 16:00:00,2327.115,2328.788,2325.918,2328.668,0
2024-06-04 20:00:00,2328.678,2337.748,2325.785,2337.048,0
2024-06-05 00:00:00,2337.048,2341.535,2327.945,2331.485,0
2024-06-05 04:00:00,2331.465,2335.434,2329.348,2332.435,0
2024-06-05 08:00:00,2332.435,2357.278,2332.078,2353.575,0
2024-06-05 12:00:00,2353.615,2356.628,2351.238,2353.928,0
2024-06-05 16:00:00,2353.958,2357.785,2352.778,2354.935,0
2024-06-05 20:00:00,2354.935,2374.805,2354.408,2368.328,0
2024-06-06 00:00:00,2368.328,2371.268,2362.045,2362.785,0
2024-06-06 04:00:00,2362.755,2363.778,2358.395,2359.705,0
2024-06-06 08:00:00,2359.665,2378.408,2353.305,2374.128,0
2024-06-06 12:00:00,2374.128,2376.805,2368.895,2372.428,0
2024-06-06 16:00:00,2372.425,2378.015,2372.258,2376.718,0
2024-06-06 20:00:00,2376.675,2381.845,2369.278,2380.085,0
2024-06-07 00:00:00,2380.025,2387.595,2372.738,2373.445,0
2024-06-07 04:00:00,2373.415,2373.765,2330.965,2336.485,0
2024-06-07 08:00:00,2336.468,2339.255,2304.415,2304.918,0
2024-06-07 12:00:00,2304.905,2314.445,2287.528,2288.195,0
2024-06-07 16:00:00,2288.115,2294.205,2286.628,2293.415,0
2024-06-09 16:00:00,2294.415,2300.038,2288.755,2298.328,0
2024-06-09 20:00:00,2298.315,2301.128,2293.835,2295.178,0
2024-06-10 00:00:00,2295.178,2297.165,2287.665,2296.405,0
2024-06-10 04:00:00,2296.405,2305.175,2291.705,2304.975,0
2024-06-10 08:00:00,2304.975,2308.605,2300.235,2307.228,0
2024-06-10 12:00:00,2307.525,2313.655,2306.855,2308.638,0
2024-06-10 16:00:00,2308.645,2312.385,2308.395,2309.798,0
2024-06-10 20:00:00,2309.825,2311.835,2298.625,2303.528,0
2024-06-11 00:00:00,2303.515,2305.325,2297.595,2304.425,0
2024-06-11 04:00:00,2304.445,2308.738,2301.425,2307.545,0
2024-06-11 08:00:00,2307.515,2319.865,2307.505,2310.018,0
2024-06-11 12:00:00,2310.018,2315.605,2305.795,2315.218,0
2024-06-11 16:00:00,2315.248,2317.508,2313.835,2315.008,0
2024-06-11 20:00:00,2315.055,2316.625,2310.584,2313.915,0
2024-06-12 00:00:00,2313.915,2317.645,2311.025,2314.445,0
2024-06-12 04:00:00,2314.445,2315.628,2310.665,2312.828,0
2024-06-12 08:00:00,2312.745,2341.495,2311.465,2335.475,0
2024-06-12 12:00:00,2335.475,2339.408,2315.755,2321.215,0
2024-06-12 16:00:00,2321.235,2325.398,2320.145,2320.448,0
2024-06-12 20:00:00,2320.445,2322.815,2307.985,2314.138,0
2024-06-13 00:00:00,2314.085,2318.525,2308.855,2316.905,0
2024-06-13 04:00:00,2317.005,2319.855,2303.845,2306.948,0
2024-06-13 08:00:00,2306.935,2326.495,2297.645,2298.858,0
2024-06-13 12:00:00,2298.795,2304.865,2295.395,2303.328,0
2024-06-13 16:00:00,2303.305,2304.238,2301.648,2302.208,0
2024-06-13 20:00:00,2302.145,2308.575,2301.415,2305.358,0
2024-06-14 00:00:00,2305.338,2316.548,2303.385,2315.215,0
2024-06-14 04:00:00,2315.215,2336.575,2314.675,2331.885,0
2024-06-14 08:00:00,2331.885,2335.358,2323.945,2325.985,0
2024-06-14 12:00:00,2326.055,2335.455,2325.325,2332.348,0
2024-06-14 16:00:00,2332.294,2332.898,2330.888,2332.184,0
2024-06-16 16:00:00,2331.098,2332.488,2327.228,2328.748,0
2024-06-16 20:00:00,2328.748,2328.815,2321.375,2324.268,0
2024-06-17 00:00:00,2324.255,2326.128,2315.365,2316.848,0
2024-06-17 04:00:00,2316.835,2322.535,2316.318,2318.078,0
2024-06-17 08:00:00,2318.055,2327.495,2309.895,2312.455,0
2024-06-17 12:00:00,2312.455,2320.475,2312.455,2320.075,0
2024-06-17 16:00:00,2320.068,2321.088,2318.098,2320.545,0
2024-06-17 20:00:00,2320.545,2325.535,2319.108,2324.348,0
2024-06-18 00:00:00,2324.338,2324.688,2314.865,2315.398,0
2024-06-18 04:00:00,2315.364,2315.364,2306.465,2313.275,0
2024-06-18 08:00:00,2313.275,2329.685,2311.355,2326.758,0
2024-06-18 12:00:00,2326.768,2333.008,2326.365,2329.158,0
2024-06-18 16:00:00,2329.215,2330.485,2327.308,2328.195,0
2024-06-18 20:00:00,2328.215,2331.635,2326.348,2328.145,0
2024-06-19 00:00:00,2328.145,2332.555,2326.675,2331.725,0
2024-06-19 04:00:00,2331.725,2334.868,2325.715,2330.325,0
2024-06-19 08:00:00,2330.335,2332.835,2323.984,2329.678,0
2024-06-19 12:00:00,2329.698,2331.278,2327.425,2327.695,0
2024-06-19 16:00:00,2327.865,2330.515,2327.865,2329.265,0
2024-06-19 20:00:00,2329.285,2338.878,2327.628,2333.805,0
2024-06-20 00:00:00,2333.825,2345.555,2333.645,2338.498,0
2024-06-20 04:00:00,2338.485,2341.268,2331.475,2339.205,0
2024-06-20 08:00:00,2339.198,2365.375,2335.205,2353.595,0
2024-06-20 12:00:00,2353.585,2360.968,2352.705,2358.828,0
2024-06-20 16:00:00,2358.858,2360.965,2357.978,2360.715,0
2024-06-20 20:00:00,2360.728,2364.685,2356.998,2362.018,0
2024-06-21 00:00:00,2362.035,2365.485,2354.995,2362.835,0
2024-06-21 04:00:00,2362.835,2368.558,2361.178,2366.158,0
2024-06-21 08:00:00,2366.125,2367.978,2323.165,2327.828,0
2024-06-21 12:00:00,2327.828,2329.195,2316.588,2322.068,0
2024-06-21 16:00:00,2322.038,2322.578,2320.685,2321.755,0
2024-06-23 16:00:00,2322.775,2322.775,2317.575,2319.085,0
2024-06-23 20:00:00,2318.995,2326.578,2317.818,2325.335,0
2024-06-24 00:00:00,2325.365,2331.688,2321.215,2330.678,0
2024-06-24 04:00:00,2330.645,2332.688,2320.625,2326.098,0
2024-06-24 08:00:00,2326.095,2333.765,2323.205,2327.528,0
2024-06-24 12:00:00,2327.508,2334.588,2326.758,2331.578,0
2024-06-24 16:00:00,2331.675,2334.595,2330.105,2330.755,0
2024-06-24 20:00:00,2330.815,2330.835,2323.035,2323.985,0
2024-06-25 00:00:00,2323.985,2330.018,2322.608,2324.745,0
2024-06-25 04:00:00,2324.695,2337.018,2322.785,2329.975,0
2024-06-25 08:00:00,2329.965,2330.345,2315.455,2324.585,0
2024-06-25 12:00:00,2324.645,2324.935,2315.405,2319.698,0
2024-06-25 16:00:00,2319.698,2321.215,2317.885,2319.898,0
2024-06-25 20:00:00,2319.845,2323.738,2310.455,2317.125,0
2024-06-26 00:00:00,2317.115,2318.105,2309.608,2315.985,0
2024-06-26 04:00:00,2315.985,2318.285,2304.265,2312.918,0
2024-06-26 08:00:00,2312.925,2317.728,2293.464,2299.938,0
2024-06-26 12:00:00,2299.895,2302.928,2296.835,2298.575,0
2024-06-26 16:00:00,2298.665,2299.148,2296.615,2298.258,0
2024-06-26 20:00:00,2298.288,2300.025,2296.635,2298.858,0
2024-06-27 00:00:00,2298.835,2303.335,2296.425,2302.215,0
2024-06-27 04:00:00,2302.205,2317.758,2301.935,2316.928,0
2024-06-27 08:00:00,2316.928,2330.825,2315.985,2327.365,0
2024-06-27 12:00:00,2327.378,2328.198,2322.355,2325.968,0
2024-06-27 16:00:00,2325.955,2328.445,2325.395,2327.588,0
2024-06-27 20:00:00,2327.618,2328.185,2318.905,2321.638,0
2024-06-28 00:00:00,2321.635,2328.748,2319.645,2327.078,0
2024-06-28 04:00:00,2327.145,2337.068,2326.355,2333.798,0
2024-06-28 08:00:00,2333.798,2339.635,2322.745,2328.475,0
2024-06-28 12:00:00,2328.515,2332.618,2322.918,2324.938,0
2024-06-28 16:00:00,2324.928,2326.675,2322.735,2326.275,0
2024-06-30 16:00:00,2326.315,2326.775,2322.505,2324.825,0
2024-06-30 20:00:00,2324.815,2328.425,2322.065,2324.608,0
2024-07-01 00:00:00,2324.578,2328.865,2318.395,2323.638,0
2024-07-01 04:00:00,2323.514,2338.118,2321.775,2338.065,0
2024-07-01 08:00:00,2338.115,2338.388,2319.125,2327.698,0
2024-07-01 12:00:00,2327.728,2331.768,2326.575,2330.908,0
2024-07-01 16:00:00,2330.955,2332.595,2330.775,2332.138,0
2024-07-01 20:00:00,2332.095,2334.208,2325.628,2325.888,0
2024-07-02 00:00:00,2325.898,2331.645,2323.198,2330.688,0
2024-07-02 04:00:00,2330.688,2332.325,2319.895,2320.585,0
2024-07-02 08:00:00,2320.675,2336.668,2318.945,2324.618,0
2024-07-02 12:00:00,2324.638,2331.318,2320.818,2330.778,0
2024-07-02 16:00:00,2330.785,2331.308,2328.625,2330.138,0
2024-07-02 20:00:00,2330.115,2332.378,2326.685,2331.598,0
2024-07-03 00:00:00,2331.598,2347.074,2331.598,2345.275,0
2024-07-03 04:00:00,2345.225,2349.418,2342.015,2345.308,0
2024-07-03 08:00:00,2345.305,2364.795,2344.815,2362.945,0
2024-07-03 12:00:00,2362.945,2363.055,2353.585,2354.218,0
2024-07-03 16:00:00,2354.218,2359.455,2354.115,2358.675,0
2024-07-03 20:00:00,2358.725,2362.385,2356.365,2357.965,0
2024-07-04 00:00:00,2357.965,2359.485,2350.364,2357.445,0
2024-07-04 04:00:00,2357.435,2359.888,2355.415,2358.368,0
2024-07-04 08:00:00,2358.365,2361.758,2355.355,2357.318,0
2024-07-04 12:00:00,2357.305,2359.028,2356.035,2356.555,0
2024-07-04 16:00:00,2356.615,2357.605,2354.115,2356.655,0
2024-07-04 20:00:00,2356.655,2363.018,2355.908,2361.655,0
2024-07-05 00:00:00,2361.655,2367.345,2361.238,2365.115,0
2024-07-05 04:00:00,2365.115,2367.955,2361.715,2365.725,0
2024-07-05 08:00:00,2365.725,2388.308,2347.515,2384.595,0
2024-07-05 12:00:00,2384.615,2392.815,2383.845,2388.668,0
2024-07-05 16:00:00,2388.668,2391.518,2388.125,2390.705,0
2024-07-07 16:00:00,2385.498,2390.008,2384.625,2385.938,0
2024-07-07 20:00:00,2385.915,2390.935,2380.535,2382.805,0
2024-07-08 00:00:00,2382.835,2386.645,2376.538,2377.778,0
2024-07-08 04:00:00,2377.755,2378.695,2368.175,2375.238,0
2024-07-08 08:00:00,2375.248,2379.405,2350.945,2355.385,0
2024-07-08 12:00:00,2355.385,2359.748,2350.915,2359.105,0
2024-07-08 16:00:00,2359.125,2361.955,2357.908,2361.655,0
2024-07-08 20:00:00,2361.645,2367.825,2360.378,2367.548,0
2024-07-09 00:00:00,2367.568,2368.658,2358.265,2358.875,0
2024-07-09 04:00:00,2358.875,2365.515,2357.455,2360.498,0
2024-07-09 08:00:00,2360.498,2371.358,2349.455,2361.958,0
2024-07-09 12:00:00,2361.958,2365.535,2356.425,2363.448,0
2024-07-09 16:00:00,2363.408,2365.955,2362.091,2364.918,0
2024-07-09 20:00:00,2364.828,2370.165,2363.168,2368.065,0
2024-07-10 00:00:00,2368.068,2374.885,2366.505,2372.525,0
2024-07-10 04:00:00,2372.528,2378.238,2371.358,2378.218,0
2024-07-10 08:00:00,2378.235,2386.548,2373.848,2378.728,0
2024-07-10 12:00:00,2378.728,2381.238,2369.785,2371.708,0
2024-07-10 16:00:00,2371.678,2372.775,2370.235,2372.694,0
2024-07-10 20:00:00,2372.708,2380.108,2371.375,2378.648,0
2024-07-11 00:00:00,2378.638,2383.125,2378.375,2379.828,0
2024-07-11 04:00:00,2379.795,2384.465,2378.945,2380.705,0
2024-07-11 08:00:00,2380.695,2424.395,2377.668,2417.268,0
2024-07-11 12:00:00,2417.278,2419.128,2409.865,2414.018,0
2024-07-11 16:00:00,2413.975,2415.995,2410.995,2415.875,0
2024-07-11 20:00:00,2415.875,2416.165,2406.558,2408.658,0
2024-07-12 00:00:00,2408.638,2409.965,2400.165,2404.055,0
2024-07-12 04:00:00,2404.045,2408.148,2398.195,2401.645,0
2024-07-12 08:00:00,2401.675,2413.635,2391.325,2411.618,0
2024-07-12 12:00:00,2411.595,2418.128,2411.595,2412.738,0
2024-07-12 16:00:00,2412.695,2412.695,2410.534,2410.534,0
2024-07-14 16:00:00,2412.455,2414.855,2405.525,2408.545,0
2024-07-14 20:00:00,2408.575,2411.848,2404.815,2411.508,0
2024-07-15 00:00:00,2411.465,2413.815,2401.225,2407.825,0
2024-07-15 04:00:00,2407.805,2420.178,2406.835,2418.115,0
2024-07-15 08:00:00,2418.155,2437.355,2411.385,2433.198,0
2024-07-15 12:00:00,2433.164,2439.628,2419.665,2421.008,0
2024-07-15 16:00:00,2420.985,2422.618,2420.575,2422.435,0
2024-07-15 20:00:00,2422.435,2431.368,2419.835,2428.518,0
2024-07-16 00:00:00,2428.495,2439.205,2424.955,2436.845,0
2024-07-16 04:00:00,2436.875,2443.345,2433.488,2439.445,0
2024-07-16 08:00:00,2439.425,2465.128,2429.285,2463.048,0
2024-07-16 12:00:00,2463.048,2468.588,2457.754,2468.488,0
2024-07-16 16:00:00,2468.505,2469.865,2466.135,2468.175,0
2024-07-16 20:00:00,2468.148,2482.325,2463.878,2471.615,0
2024-07-17 00:00:00,2471.645,2474.275,2461.718,2474.115,0
2024-07-17 04:00:00,2474.095,2478.755,2466.578,2469.988,0
2024-07-17 08:00:00,2469.988,2483.548,2457.925,2463.375,0
2024-07-17 12:00:00,2463.385,2464.918,2451.425,2457.928,0
2024-07-17 16:00:00,2457.928,2461.728,2457.178,2461.215,0
2024-07-17 20:00:00,2461.215,2468.775,2457.225,2467.928,0
2024-07-18 00:00:00,2467.928,2474.805,2464.475,2471.825,0
2024-07-18 04:00:00,2471.815,2473.595,2461.415,2464.388,0
2024-07-18 08:00:00,2464.365,2469.775,2457.495,2461.208,0
2024-07-18 12:00:00,2461.208,2461.948,2440.195,2442.865,0
2024-07-18 16:00:00,2442.935,2445.705,2441.148,2441.148,0
2024-07-18 20:00:00,2441.148,2441.218,2420.315,2428.578,0
2024-07-19 00:00:00,2428.585,2429.175,2412.748,2418.065,0
2024-07-19 04:00:00,2418.065,2421.525,2408.375,2409.905,0
2024-07-19 08:00:00,2409.925,2410.095,2393.675,2405.275,0
2024-07-19 12:00:00,2405.275,2405.865,2395.515,2398.548,0
2024-07-19 16:00:00,2398.625,2401.365,2397.655,2400.485,0
2024-07-21 16:00:00,2401.298,2411.815,2400.875,2411.435,0
2024-07-21 20:00:00,2411.435,2412.035,2403.145,2406.628,0
2024-07-22 00:00:00,2406.625,2407.175,2398.825,2402.408,0
2024-07-22 04:00:00,2402.455,2408.268,2397.938,2397.958,0
2024-07-22 08:00:00,2397.935,2400.005,2383.715,2386.168,0
2024-07-22 12:00:00,2386.145,2399.998,2385.975,2398.978,0
2024-07-22 16:00:00,2398.885,2399.388,2394.675,2395.565,0
2024-07-22 20:00:00,2395.555,2403.875,2395.385,2398.185,0
2024-07-23 00:00:00,2398.185,2399.465,2388.135,2397.745,0
2024-07-23 04:00:00,2397.775,2411.908,2396.215,2407.458,0
2024-07-23 08:00:00,2407.455,2409.135,2399.425,2405.338,0
2024-07-23 12:00:00,2405.308,2408.945,2402.518,2407.498,0
2024-07-23 16:00:00,2407.498,2409.885,2405.268,2408.408,0
2024-07-23 20:00:00,2408.408,2418.228,2404.795,2416.375,0
2024-07-24 00:00:00,2416.375,2419.105,2411.505,2414.475,0
2024-07-24 04:00:00,2414.454,2417.658,2409.665,2417.345,0
2024-07-24 08:00:00,2417.378,2431.945,2413.555,2424.668,0
2024-07-24 12:00:00,2424.655,2424.798,2398.268,2398.348,0
2024-07-24 16:00:00,2398.405,2401.045,2392.895,2398.595,0
2024-07-24 20:00:00,2398.645,2399.935,2366.625,2374.598,0
2024-07-25 00:00:00,2374.598,2378.605,2365.725,2373.898,0
2024-07-25 04:00:00,2373.865,2382.485,2367.935,2368.415,0
2024-07-25 08:00:00,2368.435,2376.925,2357.918,2362.998,0
2024-07-25 12:00:00,2362.985,2365.425,2353.005,2362.438,0
2024-07-25 16:00:00,2362.415,2365.295,2359.255,2363.635,0
2024-07-25 20:00:00,2363.685,2379.265,2355.728,2371.605,0
2024-07-26 00:00:00,2371.625,2375.145,2365.098,2371.375,0
2024-07-26 04:00:00,2371.485,2375.635,2369.235,2373.105,0
2024-07-26 08:00:00,2373.105,2390.655,2370.898,2385.048,0
2024-07-26 12:00:00,2385.098,2390.228,2381.015,2386.205,0
2024-07-26 16:00:00,2386.345,2388.658,2385.315,2386.765,0
2024-07-28 16:00:00,2387.645,2402.995,2387.115,2396.875,0
2024-07-28 20:00:00,2396.935,2402.395,2388.528,2394.445,0
2024-07-29 00:00:00,2394.445,2396.108,2389.355,2391.468,0
2024-07-29 04:00:00,2391.468,2395.275,2386.738,2387.645,0
2024-07-29 08:00:00,2387.655,2396.585,2369.518,2376.698,0
2024-07-29 12:00:00,2376.815,2385.305,2374.405,2382.998,0
2024-07-29 16:00:00,2382.924,2384.825,2380.775,2380.988,0
2024-07-29 20:00:00,2381.095,2385.878,2376.358,2385.638,0
2024-07-30 00:00:00,2385.668,2391.915,2385.565,2390.218,0
2024-07-30 04:00:00,2390.168,2392.295,2386.835,2386.938,0
2024-07-30 08:00:00,2387.035,2397.648,2383.265,2385.205,0
2024-07-30 12:00:00,2385.235,2410.798,2384.915,2406.978,0
2024-07-30 16:00:00,2406.905,2412.705,2406.884,2409.675,0
2024-07-30 20:00:00,2409.715,2418.895,2403.765,2416.325,0
2024-07-31 00:00:00,2416.305,2425.355,2414.285,2417.015,0
2024-07-31 04:00:00,2417.015,2423.118,2415.315,2419.445,0
2024-07-31 08:00:00,2419.465,2428.918,2417.225,2423.008,0
2024-07-31 12:00:00,2422.945,2450.745,2421.394,2449.748,0
2024-07-31 16:00:00,2449.714,2450.848,2444.128,2445.638,0
2024-07-31 20:00:00,2445.615,2458.295,2437.218,2442.598,0
2024-08-01 00:00:00,2442.585,2448.748,2439.828,2440.185,0
2024-08-01 04:00:00,2440.118,2442.875,2430.075,2440.658,0
2024-08-01 08:00:00,2440.675,2462.125,2440.175,2445.095,0
2024-08-01 12:00:00,2445.075,2448.635,2434.828,2443.035,0
2024-08-01 16:00:00,2443.075,2447.468,2441.738,2445.705,0
2024-08-01 20:00:00,2445.705,2459.335,2434.815,2454.375,0
2024-08-02 00:00:00,2454.375,2468.285,2454.108,2461.485,0
2024-08-02 04:00:00,2461.505,2465.225,2457.485,2459.095,0
2024-08-02 08:00:00,2459.068,2477.494,2410.664,2433.075,0
2024-08-02 12:00:00,2433.075,2439.124,2422.898,2437.448,0
2024-08-02 16:00:00,2437.448,2443.815,2435.488,2443.055,0
2024-08-04 16:00:00,2443.975,2447.345,2437.574,2440.865,0
2024-08-04 20:00:00,2440.865,2452.395,2413.908,2450.835,0
2024-08-05 00:00:00,2450.835,2458.655,2422.025,2431.794,0
2024-08-05 04:00:00,2431.815,2434.335,2383.105,2386.675,0
2024-08-05 08:00:00,2386.625,2412.074,2364.164,2402.678,0
2024-08-05 12:00:00,2402.655,2412.995,2398.928,2407.598,0
2024-08-05 16:00:00,2407.625,2412.405,2404.285,2404.675,0
2024-08-05 20:00:00,2404.695,2418.215,2404.455,2408.895,0
2024-08-06 00:00:00,2408.895,2412.535,2394.728,2409.688,0
2024-08-06 04:00:00,2409.645,2416.195,2408.025,2410.805,0
2024-08-06 08:00:00,2410.815,2412.095,2381.515,2387.455,0
2024-08-06 12:00:00,2387.545,2395.885,2385.525,2387.578,0
2024-08-06 16:00:00,2387.605,2391.675,2382.665,2383.748,0
2024-08-06 20:00:00,2383.735,2388.295,2378.868,2385.785,0
2024-08-07 00:00:00,2385.785,2397.445,2385.548,2389.195,0
2024-08-07 04:00:00,2389.178,2402.185,2388.195,2400.958,0
2024-08-07 08:00:00,2400.915,2406.858,2391.845,2394.448,0
2024-08-07 12:00:00,2394.395,2399.635,2383.715,2385.608,0
2024-08-07 16:00:00,2385.525,2387.218,2380.855,2384.685,0
2024-08-07 20:00:00,2384.715,2394.588,2383.085,2394.175,0
2024-08-08 00:00:00,2394.175,2400.645,2392.345,2396.715,0
2024-08-08 04:00:00,2396.715,2413.475,2392.745,2412.135,0
2024-08-08 08:00:00,2412.105,2424.195,2402.205,2418.578,0
2024-08-08 12:00:00,2418.534,2426.178,2415.665,2423.448,0
2024-08-08 16:00:00,2423.485,2427.848,2422.785,2424.445,0
2024-08-08 20:00:00,2424.485,2428.845,2419.198,2420.908,0
2024-08-09 00:00:00,2420.825,2426.915,2416.815,2423.028,0
2024-08-09 04:00:00,2423.028,2432.505,2422.115,2426.565,0
2024-08-09 08:00:00,2426.575,2435.798,2420.965,2431.358,0
2024-08-09 12:00:00,2431.348,2436.884,2427.118,2429.005,0
2024-08-09 16:00:00,2429.035,2431.115,2429.035,2430.925,0
2024-08-11 16:00:00,2430.298,2433.305,2426.835,2427.765,0
2024-08-11 20:00:00,2427.835,2430.115,2423.695,2428.445,0
2024-08-12 00:00:00,2428.415,2442.745,2428.095,2441.515,0
2024-08-12 04:00:00,2441.525,2445.015,2439.518,2441.495,0
2024-08-12 08:00:00,2441.485,2460.358,2441.345,2459.705,0
2024-08-12 12:00:00,2459.705,2472.065,2458.894,2470.418,0
2024-08-12 16:00:00,2470.408,2475.855,2469.825,2475.425,0
2024-08-12 20:00:00,2475.445,2476.845,2460.764,2463.318,0
2024-08-13 00:00:00,2463.325,2466.065,2458.365,2464.085,0
2024-08-13 04:00:00,2464.125,2466.498,2458.775,2465.648,0
2024-08-13 08:00:00,2465.648,2475.505,2458.818,2468.498,0
2024-08-13 12:00:00,2468.454,2470.925,2462.105,2466.965,0
2024-08-13 16:00:00,2466.888,2467.728,2462.808,2463.975,0
2024-08-13 20:00:00,2463.985,2472.415,2455.225,2460.765,0
2024-08-14 00:00:00,2460.745,2471.815,2459.098,2470.828,0
2024-08-14 04:00:00,2470.825,2478.615,2468.605,2474.638,0
2024-08-14 08:00:00,2474.668,2479.715,2441.948,2443.935,0
2024-08-14 12:00:00,2443.955,2448.275,2438.0,2447.115,0
2024-08-14 16:00:00,2447.075,2449.348,2446.355,2449.295,0
2024-08-14 20:00:00,2449.315,2454.195,2448.075,2453.565,0
2024-08-15 00:00:00,2453.565,2458.665,2450.205,2455.665,0
2024-08-15 04:00:00,2455.665,2464.065,2453.485,2463.418,0
2024-08-15 08:00:00,2463.418,2469.945,2432.015,2458.255,0
2024-08-15 12:00:00,2458.328,2461.558,2453.338,2455.414,0
2024-08-15 16:00:00,2455.415,2458.098,2454.225,2457.195,0
2024-08-15 20:00:00,2457.225,2459.908,2450.565,2452.308,0
2024-08-16 00:00:00,2452.285,2464.405,2451.025,2461.885,0
2024-08-16 04:00:00,2461.925,2472.195,2458.954,2472.015,0
2024-08-16 08:00:00,2472.015,2500.045,2471.148,2491.635,0
2024-08-16 12:00:00,2491.645,2508.875,2491.565,2507.824,0
2024-08-16 16:00:00,2507.765,2509.638,2505.405,2506.844,0
2024-08-18 16:00:00,2508.298,2509.998,2502.148,2506.305,0
2024-08-18 20:00:00,2506.325,2506.645,2494.845,2503.155,0
2024-08-19 00:00:00,2503.155,2505.098,2498.695,2502.925,0
2024-08-19 04:00:00,2502.865,2507.065,2486.415,2494.365,0
2024-08-19 08:00:00,2494.365,2505.865,2485.515,2503.848,0
2024-08-19 12:00:00,2503.848,2507.345,2500.605,2505.345,0
2024-08-19 16:00:00,2505.515,2505.538,2501.928,2503.515,0
2024-08-19 20:00:00,2503.615,2508.065,2498.558,2501.665,0
2024-08-20 00:00:00,2501.685,2515.005,2497.235,2514.825,0
2024-08-20 04:00:00,2514.825,2526.978,2514.275,2526.178,0
2024-08-20 08:00:00,2526.205,2531.558,2505.654,2508.398,0
2024-08-20 12:00:00,2508.368,2515.304,2500.685,2514.878,0
2024-08-20 16:00:00,2514.938,2516.828,2512.638,2512.795,0
2024-08-20 20:00:00,2512.795,2519.795,2510.725,2517.275,0
2024-08-21 00:00:00,2517.325,2519.428,2508.005,2509.635,0
2024-08-21 04:00:00,2509.595,2513.115,2504.345,2511.698,0
2024-08-21 08:00:00,2511.698,2513.585,2493.698,2508.194,0
2024-08-21 12:00:00,2508.278,2518.995,2503.065,2511.418,0
2024-08-21 16:00:00,2511.325,2514.235,2509.668,2512.585,0
2024-08-21 20:00:00,2512.635,2514.545,2499.815,2502.268,0
2024-08-22 00:00:00,2502.205,2510.485,2499.204,2506.948,0
2024-08-22 04:00:00,2506.935,2509.008,2497.895,2499.395,0
2024-08-22 08:00:00,2499.465,2504.045,2470.705,2481.768,0
2024-08-22 12:00:00,2481.798,2485.885,2478.425,2482.795,0
2024-08-22 16:00:00,2482.868,2487.525,2482.348,2487.475,0
2024-08-22 20:00:00,2487.475,2493.618,2486.355,2493.075,0
2024-08-23 00:00:00,2493.095,2495.665,2490.465,2493.335,0
2024-08-23 04:00:00,2493.275,2502.355,2492.935,2501.495,0
2024-08-23 08:00:00,2501.495,2518.195,2494.315,2509.678,0
2024-08-23 12:00:00,2509.678,2513.105,2501.668,2510.698,0
2024-08-23 16:00:00,2510.708,2512.575,2509.448,2512.235,0
2024-08-25 16:00:00,2511.275,2516.585,2510.105,2515.785,0
2024-08-25 20:00:00,2515.795,2516.845,2509.205,2509.745,0
2024-08-26 00:00:00,2509.725,2521.715,2508.585,2521.305,0
2024-08-26 04:00:00,2521.305,2526.708,2520.585,2526.425,0
2024-08-26 08:00:00,2526.425,2526.648,2510.548,2515.748,0
2024-08-26 12:00:00,2515.705,2523.255,2513.465,2518.048,0
2024-08-26 16:00:00,2518.078,2518.958,2515.335,2515.335,0
2024-08-26 20:00:00,2515.355,2516.625,2505.698,2508.955,0
2024-08-27 00:00:00,2508.955,2517.395,2504.458,2504.858,0
2024-08-27 04:00:00,2504.858,2513.605,2503.415,2511.355,0
2024-08-27 08:00:00,2511.355,2520.205,2503.325,2512.045,0
2024-08-27 12:00:00,2511.985,2525.818,2509.758,2524.975,0
2024-08-27 16:00:00,2524.965,2528.888,2523.675,2525.178,0
2024-08-27 20:00:00,2525.155,2525.725,2513.115,2515.755,0
2024-08-28 00:00:00,2515.745,2516.035,2503.338,2509.865,0
2024-08-28 04:00:00,2509.865,2511.275,2500.615,2501.338,0
2024-08-28 08:00:00,2501.305,2510.505,2493.515,2506.058,0
2024-08-28 12:00:00,2506.018,2509.465,2496.295,2507.528,0
2024-08-28 16:00:00,2507.585,2508.685,2502.675,2508.094,0
2024-08-28 20:00:00,2508.094,2516.695,2507.964,2516.475,0
2024-08-29 00:00:00,2516.495,2521.065,2513.635,2519.025,0
2024-08-29 04:00:00,2519.055,2524.295,2514.954,2519.785,0
2024-08-29 08:00:00,2519.758,2525.498,2503.515,2522.438,0
2024-08-29 12:00:00,2522.455,2528.558,2517.305,2521.045,0
2024-08-29 16:00:00,2521.068,2522.218,2518.725,2519.435,0
2024-08-29 20:00:00,2519.455,2519.968,2512.175,2513.425,0
2024-08-30 00:00:00,2513.365,2523.848,2512.035,2519.215,0
2024-08-30 04:00:00,2519.198,2526.725,2514.885,2519.378,0
2024-08-30 08:00:00,2519.275,2524.575,2500.135,2502.365,0
2024-08-30 12:00:00,2502.365,2505.955,2494.048,2502.208,0
2024-08-30 16:00:00,2502.185,2503.398,2501.775,2502.925,0
2024-09-01 16:00:00,2502.435,2504.545,2501.195,2502.885,0
2024-09-01 20:00:00,2502.875,2504.825,2489.915,2496.165,0
2024-09-02 00:00:00,2496.175,2501.285,2495.145,2498.105,0
2024-09-02 04:00:00,2498.075,2507.125,2496.995,2499.678,0
2024-09-02 08:00:00,2499.645,2503.075,2497.565,2501.495,0
2024-09-02 12:00:00,2501.505,2501.805,2498.515,2499.228,0
2024-09-02 16:00:00,2499.098,2499.855,2496.305,2497.175,0
2024-09-02 20:00:00,2497.155,2497.548,2489.534,2494.665,0
2024-09-03 00:00:00,2494.655,2501.938,2492.635,2500.725,0
2024-09-03 04:00:00,2500.725,2506.165,2484.575,2489.558,0
2024-09-03 08:00:00,2489.558,2502.034,2473.245,2488.285,0
2024-09-03 12:00:00,2488.285,2494.295,2483.808,2491.978,0
2024-09-03 16:00:00,2491.978,2494.524,2491.248,2493.155,0
2024-09-03 20:00:00,2493.115,2496.835,2491.155,2494.945,0
2024-09-04 00:00:00,2494.955,2496.625,2481.885,2482.045,0
2024-09-04 04:00:00,2482.045,2491.085,2471.718,2489.085,0
2024-09-04 08:00:00,2489.085,2500.145,2481.915,2493.938,0
2024-09-04 12:00:00,2493.915,2497.848,2491.415,2493.275,0
2024-09-04 16:00:00,2493.275,2496.825,2492.835,2495.695,0
2024-09-04 20:00:00,2495.768,2499.174,2494.355,2494.718,0
2024-09-05 00:00:00,2494.708,2507.445,2493.665,2506.325,0
2024-09-05 04:00:00,2506.385,2518.258,2505.875,2515.075,0
2024-09-05 08:00:00,2515.085,2523.448,2503.805,2507.018,0
2024-09-05 12:00:00,2507.015,2516.778,2505.955,2514.778,0
2024-09-05 16:00:00,2514.865,2517.828,2514.765,2517.125,0
2024-09-05 20:00:00,2517.155,2518.258,2512.895,2518.155,0
2024-09-06 00:00:00,2518.155,2521.668,2516.175,2516.408,0
2024-09-06 04:00:00,2516.355,2520.205,2514.595,2516.165,0
2024-09-06 08:00:00,2516.135,2529.125,2500.375,2505.318,0
2024-09-06 12:00:00,2505.295,2505.645,2485.015,2495.868,0
2024-09-06 16:00:00,2495.838,2497.758,2494.668,2497.035,0
2024-09-08 16:00:00,2497.098,2498.124,2495.415,2496.745,0
2024-09-08 20:00:00,2496.775,2500.365,2494.625,2499.128,0
2024-09-09 00:00:00,2499.128,2499.345,2485.405,2494.125,0
2024-09-09 04:00:00,2494.195,2499.035,2489.945,2497.128,0
2024-09-09 08:00:00,2497.105,2505.098,2493.115,2499.005,0
2024-09-09 12:00:00,2498.995,2506.405,2498.995,2505.875,0
2024-09-09 16:00:00,2505.865,2507.515,2505.185,2506.625,0
2024-09-09 20:00:00,2506.665,2507.358,2501.314,2502.395,0
2024-09-10 00:00:00,2502.395,2507.595,2500.618,2502.595,0
2024-09-10 04:00:00,2502.565,2509.555,2500.024,2504.498,0
2024-09-10 08:00:00,2504.415,2518.304,2500.984,2512.618,0
2024-09-10 12:00:00,2512.685,2517.355,2510.585,2517.155,0
2024-09-10 16:00:00,2517.155,2518.688,2515.658,2518.555,0
2024-09-10 20:00:00,2518.498,2522.415,2514.845,2519.288,0
2024-09-11 00:00:00,2519.285,2528.885,2518.455,2521.338,0
2024-09-11 04:00:00,2521.325,2527.085,2519.635,2522.105,0
2024-09-11 08:00:00,2522.065,2523.368,2500.825,2514.675,0
2024-09-11 12:00:00,2514.675,2519.944,2509.675,2512.824,0
2024-09-11 16:00:00,2512.795,2513.748,2511.015,2511.778,0
2024-09-11 20:00:00,2511.775,2515.965,2510.885,2515.715,0
2024-09-12 00:00:00,2515.715,2522.195,2514.385,2515.785,0
2024-09-12 04:00:00,2515.775,2520.905,2512.905,2519.425,0
2024-09-12 08:00:00,2519.435,2555.035,2518.775,2553.154,0
2024-09-12 12:00:00,2553.165,2558.985,2544.698,2557.748,0
2024-09-12 16:00:00,2557.704,2559.978,2556.538,2558.344,0
2024-09-12 20:00:00,2558.334,2569.925,2556.625,2567.805,0
2024-09-13 00:00:00,2567.795,2570.888,2563.035,2569.668,0
2024-09-13 04:00:00,2569.695,2572.825,2563.584,2567.165,0
2024-09-13 08:00:00,2567.265,2583.258,2565.935,2582.048,0
2024-09-13 12:00:00,2582.095,2585.965,2578.515,2582.518,0
2024-09-13 16:00:00,2582.515,2582.798,2577.575,2577.615,0
2024-09-15 16:00:00,2578.725,2580.464,2577.384,2579.025,0
2024-09-15 20:00:00,2579.015,2588.865,2578.715,2586.225,0
2024-09-16 00:00:00,2586.205,2589.515,2579.325,2581.985,0
2024-09-16 04:00:00,2581.965,2588.375,2575.115,2582.905,0
2024-09-16 08:00:00,2582.925,2589.205,2575.945,2579.735,0
2024-09-16 12:00:00,2579.768,2583.995,2579.455,2582.438,0
2024-09-16 16:00:00,2582.438,2583.805,2581.428,2583.545,0
2024-09-16 20:00:00,2583.535,2586.165,2576.645,2577.058,0
2024-09-17 00:00:00,2577.004,2586.835,2574.395,2583.714,0
2024-09-17 04:00:00,2583.714,2584.084,2569.645,2579.745,0
2024-09-17 08:00:00,2579.775,2582.115,2561.625,2565.475,0
2024-09-17 12:00:00,2565.458,2571.558,2560.984,2568.568,0
2024-09-17 16:00:00,2568.578,2574.244,2568.178,2573.885,0
2024-09-17 20:00:00,2573.875,2576.314,2569.855,2575.785,0
2024-09-18 00:00:00,2575.785,2576.295,2565.715,2571.505,0
2024-09-18 04:00:00,2571.515,2580.575,2567.825,2577.285,0
2024-09-18 08:00:00,2577.295,2578.708,2567.895,2569.565,0
2024-09-18 12:00:00,2569.615,2599.995,2546.645,2548.834,0
2024-09-18 16:00:00,2548.754,2561.395,2548.098,2559.175,0
2024-09-18 20:00:00,2559.185,2566.558,2551.005,2563.978,0
2024-09-19 00:00:00,2563.905,2584.574,2559.435,2584.324,0
2024-09-19 04:00:00,2584.324,2594.775,2581.268,2589.315,0
2024-09-19 08:00:00,2589.265,2591.105,2569.625,2588.935,0
2024-09-19 12:00:00,2589.025,2592.535,2585.798,2588.265,0
2024-09-19 16:00:00,2588.245,2589.648,2585.835,2587.135,0
2024-09-19 20:00:00,2587.125,2593.475,2584.654,2591.305,0
2024-09-20 00:00:00,2591.295,2609.615,2591.185,2607.015,0
2024-09-20 04:00:00,2607.014,2615.318,2602.385,2613.608,0
2024-09-20 08:00:00,2613.608,2622.835,2602.445,2622.678,0
2024-09-20 12:00:00,2622.728,2625.574,2617.785,2620.958,0
2024-09-20 16:00:00,2621.008,2622.375,2618.938,2621.504,0
2024-09-22 16:00:00,2620.915,2622.615,2617.984,2620.165,0
2024-09-22 20:00:00,2620.155,2631.035,2615.945,2628.358,0
2024-09-23 00:00:00,2628.355,2631.205,2613.685,2615.018,0
2024-09-23 04:00:00,2615.018,2625.688,2614.498,2623.955,0
2024-09-23 08:00:00,2623.995,2634.715,2619.894,2629.168,0
2024-09-23 12:00:00,2629.168,2630.758,2625.575,2626.188,0
2024-09-23 16:00:00,2626.138,2628.595,2625.684,2626.205,0
2024-09-23 20:00:00,2626.235,2635.995,2623.685,2633.965,0
2024-09-24 00:00:00,2633.965,2639.945,2622.475,2628.795,0
2024-09-24 04:00:00,2628.785,2636.045,2623.245,2626.275,0
2024-09-24 08:00:00,2626.295,2648.285,2623.345,2643.025,0
2024-09-24 12:00:00,2643.025,2664.204,2642.298,2662.548,0
2024-09-24 16:00:00,2662.524,2663.588,2656.334,2658.035,0
2024-09-24 20:00:00,2658.035,2670.348,2655.345,2661.385,0
2024-09-25 00:00:00,2661.415,2661.545,2651.215,2656.788,0
2024-09-25 04:00:00,2656.845,2658.435,2652.615,2657.258,0
2024-09-25 08:00:00,2657.258,2667.345,2654.178,2657.574,0
2024-09-25 12:00:00,2657.574,2662.855,2649.715,2659.638,0
2024-09-25 16:00:00,2659.638,2660.178,2656.084,2656.188,0
2024-09-25 20:00:00,2656.184,2662.398,2655.268,2662.398,0
2024-09-26 00:00:00,2662.415,2666.795,2657.855,2664.535,0
2024-09-26 04:00:00,2664.535,2685.405,2664.485,2682.665,0
2024-09-26 08:00:00,2682.655,2684.105,2654.685,2671.214,0
2024-09-26 12:00:00,2671.254,2677.708,2662.744,2673.548,0
2024-09-26 16:00:00,2673.598,2673.958,2670.708,2672.495,0
2024-09-26 20:00:00,2672.495,2673.855,2666.075,2673.555,0
2024-09-27 00:00:00,2673.555,2673.785,2660.825,2664.568,0
2024-09-27 04:00:00,2664.588,2669.038,2658.198,2665.955,0
2024-09-27 08:00:00,2665.975,2674.134,2644.665,2649.635,0
2024-09-27 12:00:00,2649.635,2656.145,2643.111,2651.915,0
2024-09-27 16:00:00,2651.888,2659.905,2651.038,2657.955,0
2024-09-29 16:00:00,2657.935,2664.905,2657.025,2663.418,0
2024-09-29 20:00:00,2663.418,2665.858,2647.285,2653.388,0
2024-09-30 00:00:00,2653.408,2660.495,2650.588,2650.818,0
2024-09-30 04:00:00,2650.788,2656.485,2634.305,2641.475,0
2024-09-30 08:00:00,2641.485,2644.065,2628.614,2633.734,0
2024-09-30 12:00:00,2633.808,2641.678,2624.538,2630.835,0
2024-09-30 16:00:00,2630.898,2636.035,2630.615,2635.595,0
2024-09-30 20:00:00,2635.595,2639.905,2633.815,2637.845,0
2024-10-01 00:00:00,2637.845,2647.318,2637.335,2645.485,0
2024-10-01 04:00:00,2645.505,2651.955,2642.295,2650.178,0
2024-10-01 08:00:00,2650.115,2671.735,2647.865,2663.315,0
2024-10-01 12:00:00,2663.275,2672.908,2657.425,2658.588,0
2024-10-01 16:00:00,2658.565,2663.855,2657.755,2660.218,0
2024-10-01 20:00:00,2660.195,2661.878,2654.955,2655.238,0
2024-10-02 00:00:00,2655.205,2656.355,2644.395,2655.315,0
2024-10-02 04:00:00,2655.315,2655.715,2647.845,2649.448,0
2024-10-02 08:00:00,2649.465,2663.194,2640.954,2649.835,0
2024-10-02 12:00:00,2649.835,2658.838,2647.095,2658.498,0
2024-10-02 16:00:00,2658.504,2661.064,2657.725,2660.135,0
2024-10-02 20:00:00,2660.135,2662.775,2653.175,2655.878,0
2024-10-03 00:00:00,2655.908,2657.315,2643.304,2645.145,0
2024-10-03 04:00:00,2645.068,2648.935,2640.895,2647.935,0
2024-10-03 08:00:00,2647.948,2654.435,2636.255,2648.735,0
2024-10-03 12:00:00,2648.805,2662.008,2648.455,2657.815,0
2024-10-03 16:00:00,2657.815,2657.815,2654.178,2655.615,0
2024-10-03 20:00:00,2655.655,2663.474,2655.315,2660.985,0
2024-10-04 00:00:00,2660.965,2667.675,2658.605,2660.888,0
2024-10-04 04:00:00,2660.865,2662.455,2656.755,2661.205,0
2024-10-04 08:00:00,2661.185,2670.065,2632.068,2653.045,0
2024-10-04 12:00:00,2653.045,2653.685,2641.755,2651.458,0
2024-10-04 16:00:00,2651.495,2653.835,2649.705,2653.545,0
2024-10-06 16:00:00,2650.375,2652.615,2648.875,2650.055,0
2024-10-06 20:00:00,2650.125,2651.778,2643.708,2647.255,0
2024-10-07 00:00:00,2647.255,2652.695,2639.605,2651.925,0
2024-10-07 04:00:00,2651.975,2659.465,2650.565,2656.835,0
2024-10-07 08:00:00,2656.868,2659.155,2637.688,2645.608,0
2024-10-07 12:00:00,2645.608,2648.635,2639.505,2643.148,0
2024-10-07 16:00:00,2643.058,2648.975,2641.595,2642.855,0
2024-10-07 20:00:00,2642.895,2648.095,2633.665,2642.805,0
2024-10-08 00:00:00,2642.805,2646.335,2631.025,2633.815,0
2024-10-08 04:00:00,2633.845,2651.835,2628.425,2650.615,0
2024-10-08 08:00:00,2650.695,2652.885,2604.575,2612.825,0
2024-10-08 12:00:00,2612.805,2623.485,2605.325,2622.815,0
2024-10-08 16:00:00,2622.905,2623.665,2618.785,2621.865,0
2024-10-08 20:00:00,2621.835,2624.085,2614.735,2617.085,0
2024-10-09 00:00:00,2617.085,2624.165,2608.974,2611.515,0
2024-10-09 04:00:00,2611.538,2622.258,2610.345,2618.885,0
2024-10-09 08:00:00,2618.908,2622.225,2605.185,2614.705,0
2024-10-09 12:00:00,2614.715,2615.645,2605.045,2609.038,0
2024-10-09 16:00:00,2609.055,2609.298,2606.788,2608.645,0
2024-10-09 20:00:00,2606.925,2616.785,2605.785,2611.615,0
2024-10-10 00:00:00,2611.545,2616.915,2610.125,2616.605,0
2024-10-10 04:00:00,2616.635,2618.778,2611.135,2612.915,0
2024-10-10 08:00:00,2612.915,2629.564,2601.734,2623.475,0
2024-10-10 12:00:00,2623.505,2631.308,2616.365,2629.048,0
2024-10-10 16:00:00,2629.078,2635.855,2627.995,2633.005,0
2024-10-10 20:00:00,2633.065,2645.958,2631.975,2645.364,0
2024-10-11 00:00:00,2645.355,2647.075,2637.868,2645.245,0
2024-10-11 04:00:00,2645.265,2646.065,2636.025,2644.585,0
2024-10-11 08:00:00,2644.535,2659.098,2640.465,2658.655,0
2024-10-11 12:00:00,2658.635,2661.258,2655.148,2656.028,0
2024-10-11 16:00:00,2656.015,2657.175,2654.598,2656.835,0
2024-10-13 16:00:00,2656.298,2656.775,2644.985,2647.865,0
2024-10-13 20:00:00,2647.935,2657.285,2643.058,2655.445,0
2024-10-14 00:00:00,2655.435,2666.705,2655.145,2660.298,0
2024-10-14 04:00:00,2660.295,2662.885,2650.935,2651.995,0
2024-10-14 08:00:00,2651.995,2661.065,2643.835,2646.625,0
2024-10-14 12:00:00,2646.645,2652.498,2645.735,2652.348,0
2024-10-14 16:00:00,2652.385,2653.198,2646.025,2649.255,0
2024-10-14 20:00:00,2649.255,2652.608,2644.265,2645.555,0
2024-10-15 00:00:00,2645.555,2653.765,2637.955,2650.615,0
2024-10-15 04:00:00,2650.555,2656.645,2645.505,2647.595,0
2024-10-15 08:00:00,2647.595,2665.005,2645.905,2664.515,0
2024-10-15 12:00:00,2664.525,2668.805,2658.875,2661.598,0
2024-10-15 16:00:00,2661.554,2663.005,2660.138,2660.345,0
2024-10-15 20:00:00,2660.275,2669.935,2658.558,2667.025,0
2024-10-16 00:00:00,2667.165,2677.545,2665.475,2676.005,0
2024-10-16 04:00:00,2675.844,2682.648,2673.0,2678.245,0
2024-10-16 08:00:00,2678.345,2685.298,2667.448,2669.878,0
2024-10-16 12:00:00,2669.878,2676.524,2666.645,2674.698,0
2024-10-16 16:00:00,2674.605,2674.868,2673.015,2673.998,0
2024-10-16 20:00:00,2674.035,2684.755,2673.955,2676.614,0
2024-10-17 00:00:00,2676.615,2685.645,2676.385,2681.865,0
2024-10-17 04:00:00,2681.865,2688.668,2676.794,2681.198,0
2024-10-17 08:00:00,2681.165,2696.605,2672.914,2693.158,0
2024-10-17 12:00:00,2693.145,2694.055,2683.795,2691.975,0
2024-10-17 16:00:00,2691.975,2694.295,2690.828,2693.635,0
2024-10-17 20:00:00,2693.665,2711.815,2692.745,2709.885,0
2024-10-18 00:00:00,2709.885,2713.888,2702.158,2702.188,0
2024-10-18 04:00:00,2702.188,2713.085,2701.615,2709.705,0
2024-10-18 08:00:00,2709.705,2720.005,2704.815,2714.708,0
2024-10-18 12:00:00,2714.705,2721.178,2713.418,2719.548,0
2024-10-18 16:00:00,2719.564,2722.405,2719.075,2721.105,0
2024-10-20 16:00:00,2720.098,2724.915,2719.448,2723.315,0
2024-10-20 20:00:00,2723.395,2732.675,2720.908,2731.425,0
2024-10-21 00:00:00,2731.385,2732.348,2723.465,2730.258,0
2024-10-21 04:00:00,2730.275,2737.938,2727.628,2734.368,0
2024-10-21 08:00:00,2734.335,2740.418,2716.775,2720.018,0
2024-10-21 12:00:00,2720.018,2725.465,2714.165,2719.764,0
2024-10-21 16:00:00,2719.775,2722.485,2718.695,2721.325,0
2024-10-21 20:00:00,2721.325,2732.985,2720.505,2730.868,0
2024-10-22 00:00:00,2730.795,2737.025,2728.875,2733.545,0
2024-10-22 04:00:00,2733.494,2739.238,2729.438,2731.885,0
2024-10-22 08:00:00,2731.905,2744.085,2731.465,2737.455,0
2024-10-22 12:00:00,2737.435,2748.748,2737.058,2748.245,0
2024-10-22 16:00:00,2748.245,2748.775,2745.755,2746.408,0
2024-10-22 20:00:00,2746.385,2747.065,2737.765,2745.955,0
2024-10-23 00:00:00,2745.955,2755.485,2745.215,2754.855,0
2024-10-23 04:00:00,2754.815,2758.338,2749.015,2749.785,0
2024-10-23 08:00:00,2749.785,2750.355,2708.635,2721.625,0
2024-10-23 12:00:00,2721.635,2723.135,2712.0,2716.095,0
2024-10-23 16:00:00,2716.095,2721.755,2714.095,2721.178,0
2024-10-23 20:00:00,2721.165,2726.695,2717.704,2722.805,0
2024-10-24 00:00:00,2722.805,2736.948,2722.695,2733.475,0
2024-10-24 04:00:00,2733.475,2739.475,2732.355,2738.475,0
2024-10-24 08:00:00,2738.455,2743.175,2722.385,2730.965,0
2024-10-24 12:00:00,2730.965,2737.638,2725.628,2736.898,0
2024-10-24 16:00:00,2736.998,2736.998,2733.495,2733.688,0
2024-10-24 20:00:00,2733.658,2735.008,2724.295,2725.885,0
2024-10-25 00:00:00,2725.875,2732.425,2723.805,2726.325,0
2024-10-25 04:00:00,2726.375,2729.245,2716.885,2724.068,0
2024-10-25 08:00:00,2724.065,2741.968,2723.125,2737.038,0
2024-10-25 12:00:00,2736.965,2744.905,2733.825,2742.428,0
2024-10-25 16:00:00,2742.388,2747.635,2742.335,2746.625,0
2024-10-27 16:00:00,2735.698,2740.095,2730.115,2732.315,0
2024-10-27 20:00:00,2732.295,2735.475,2724.545,2732.795,0
2024-10-28 00:00:00,2732.905,2744.445,2731.075,2731.845,0
2024-10-28 04:00:00,2731.965,2734.725,2727.715,2734.175,0
2024-10-28 08:00:00,2734.175,2745.788,2732.695,2742.575,0
2024-10-28 12:00:00,2742.555,2744.865,2740.035,2742.055,0
2024-10-28 16:00:00,2741.678,2746.725,2739.605,2745.648,0
2024-10-28 20:00:00,2745.598,2757.615,2745.468,2754.635,0
2024-10-29 00:00:00,2754.755,2756.718,2746.225,2754.575,0
2024-10-29 04:00:00,2754.575,2756.465,2746.445,2748.998,0
2024-10-29 08:00:00,2748.654,2771.605,2748.045,2769.275,0
2024-10-29 12:00:00,2769.275,2774.715,2766.205,2774.425,0
2024-10-29 16:00:00,2773.898,2779.015,2772.735,2778.005,0
2024-10-29 20:00:00,2778.045,2781.995,2775.915,2780.015,0
2024-10-30 00:00:00,2780.015,2789.668,2777.965,2781.815,0
2024-10-30 04:00:00,2781.815,2786.388,2773.125,2782.415,0
2024-10-30 08:00:00,2782.395,2787.365,2770.795,2785.318,0
2024-10-30 12:00:00,2785.318,2789.925,2783.825,2787.205,0
2024-10-30 16:00:00,2788.014,2788.065,2784.585,2787.485,0
2024-10-30 20:00:00,2787.505,2790.005,2781.955,2784.315,0
2024-10-31 00:00:00,2784.315,2786.455,2776.875,2778.995,0
2024-10-31 04:00:00,2778.985,2782.465,2771.935,2773.565,0
2024-10-31 08:00:00,2773.555,2773.845,2731.415,2740.615,0
2024-10-31 12:00:00,2740.585,2749.608,2738.115,2743.765,0
2024-10-31 16:00:00,2743.945,2747.785,2743.265,2744.888,0
2024-10-31 20:00:00,2744.865,2752.815,2744.705,2752.095,0
2024-11-01 00:00:00,2752.095,2757.535,2747.055,2753.335,0
2024-11-01 04:00:00,2753.335,2759.725,2744.685,2753.688,0
2024-11-01 08:00:00,2753.635,2762.048,2739.575,2743.005,0
2024-11-01 12:00:00,2743.005,2743.785,2733.095,2735.895,0
2024-11-03 16:00:00,2733.298,2740.814,2730.0,2740.235,0
2024-11-03 20:00:00,2740.215,2742.315,2735.185,2740.905,0
2024-11-04 00:00:00,2740.905,2744.675,2731.765,2733.225,0
2024-11-04 04:00:00,2733.215,2745.105,2732.435,2743.265,0
2024-11-04 08:00:00,2743.265,2748.015,2732.195,2734.085,0
2024-11-04 12:00:00,2734.095,2739.558,2731.638,2737.288,0
2024-11-04 16:00:00,2737.268,2737.755,2733.908,2734.955,0
2024-11-04 20:00:00,2734.935,2736.225,2724.695,2734.315,0
2024-11-05 00:00:00,2734.295,2743.135,2731.605,2742.415,0
2024-11-05 04:00:00,2742.415,2744.935,2735.495,2737.774,0
2024-11-05 08:00:00,2737.785,2749.875,2732.908,2738.865,0
2024-11-05 12:00:00,2738.895,2743.785,2738.155,2742.885,0
2024-11-05 16:00:00,2742.895,2746.215,2735.185,2737.845,0
2024-11-05 20:00:00,2737.875,2749.605,2730.425,2741.615,0
2024-11-06 00:00:00,2741.645,2743.438,2701.245,2724.325,0
2024-11-06 04:00:00,2724.315,2728.445,2693.265,2695.065,0
2024-11-06 08:00:00,2694.995,2694.995,2652.295,2666.045,0
2024-11-06 12:00:00,2666.075,2669.385,2659.245,2660.615,0
2024-11-06 16:00:00,2660.615,2664.155,2658.375,2661.405,0
2024-11-06 20:00:00,2661.365,2663.885,2643.134,2654.455,0
2024-11-07 00:00:00,2654.625,2667.505,2652.635,2657.475,0
2024-11-07 04:00:00,2657.475,2674.015,2657.335,2673.515,0
2024-11-07 08:00:00,2673.515,2700.038,2672.295,2695.635,0
2024-11-07 12:00:00,2695.645,2710.244,2687.405,2704.284,0
2024-11-07 16:00:00,2704.284,2710.235,2703.515,2706.185,0
2024-11-07 20:00:00,2706.185,2707.465,2693.125,2693.424,0
2024-11-08 00:00:00,2693.415,2696.165,2680.215,2688.585,0
2024-11-08 04:00:00,2688.585,2694.815,2682.0,2691.795,0
2024-11-08 08:00:00,2691.775,2703.935,2682.785,2683.155,0
2024-11-08 12:00:00,2683.155,2688.658,2683.155,2684.955,0
2024-11-08 16:00:00,2684.915,2685.725,2682.695,2684.035,0
2024-11-10 16:00:00,2683.898,2686.025,2678.898,2683.915,0
2024-11-10 20:00:00,2683.875,2684.735,2666.375,2671.985,0
2024-11-11 00:00:00,2671.985,2674.115,2666.875,2669.525,0
2024-11-11 04:00:00,2669.435,2675.225,2656.565,2657.125,0
2024-11-11 08:00:00,2657.125,2657.475,2612.615,2615.045,0
2024-11-11 12:00:00,2615.015,2626.075,2610.515,2621.955,0
2024-11-11 16:00:00,2621.865,2625.078,2618.598,2623.828,0
2024-11-11 20:00:00,2623.795,2627.015,2615.515,2617.625,0
2024-11-12 00:00:00,2617.635,2618.035,2595.074,2600.495,0
2024-11-12 04:00:00,2600.485,2606.958,2589.508,2605.125,0
2024-11-12 08:00:00,2605.145,2616.885,2597.245,2600.675,0
2024-11-12 12:00:00,2600.645,2601.975,2592.305,2599.588,0
2024-11-12 16:00:00,2599.578,2600.604,2597.025,2599.335,0
2024-11-12 20:00:00,2599.325,2613.118,2599.325,2606.065,0
2024-11-13 00:00:00,2606.135,2610.645,2600.894,2607.505,0
2024-11-13 04:00:00,2607.495,2612.585,2605.705,2609.505,0
2024-11-13 08:00:00,2609.525,2618.628,2584.635,2585.755,0
2024-11-13 12:00:00,2585.735,2586.755,2572.875,2573.665,0
2024-11-13 16:00:00,2573.695,2581.198,2569.175,2572.258,0
2024-11-13 20:00:00,2572.278,2572.728,2558.785,2565.025,0
2024-11-14 00:00:00,2565.025,2565.035,2550.255,2556.045,0
2024-11-14 04:00:00,2556.035,2558.248,2536.664,2552.085,0
2024-11-14 08:00:00,2552.075,2577.315,2551.125,2573.885,0
2024-11-14 12:00:00,2573.885,2576.795,2563.738,2567.115,0
2024-11-14 16:00:00,2567.125,2569.425,2563.898,2566.735,0
2024-11-14 20:00:00,2566.735,2571.585,2562.914,2566.925,0
2024-11-15 00:00:00,2566.965,2568.828,2554.335,2566.745,0
2024-11-15 04:00:00,2566.695,2573.158,2562.905,2568.955,0
2024-11-15 08:00:00,2568.978,2575.908,2561.005,2562.035,0
2024-11-15 12:00:00,2562.035,2567.905,2559.408,2562.095,0
2024-11-15 16:00:00,2562.095,2563.535,2560.975,2562.715,0
2024-11-17 16:00:00,2564.258,2577.165,2563.835,2576.535,0
2024-11-17 20:00:00,2576.535,2597.155,2576.438,2592.115,0
2024-11-18 00:00:00,2592.075,2592.195,2580.284,2585.515,0
2024-11-18 04:00:00,2585.505,2597.185,2583.655,2594.985,0
2024-11-18 08:00:00,2594.965,2614.955,2592.765,2611.435,0
2024-11-18 12:00:00,2611.435,2612.475,2607.215,2610.198,0
2024-11-18 16:00:00,2610.205,2613.565,2609.748,2613.185,0
2024-11-18 20:00:00,2613.235,2625.408,2611.545,2622.805,0
2024-11-19 00:00:00,2622.768,2626.908,2617.625,2626.255,0
2024-11-19 04:00:00,2626.225,2639.205,2625.185,2639.105,0
2024-11-19 08:00:00,2639.135,2639.325,2620.935,2626.308,0
2024-11-19 12:00:00,2626.275,2634.505,2625.478,2633.598,0
2024-11-19 16:00:00,2633.595,2639.025,2630.445,2637.715,0
2024-11-19 20:00:00,2637.735,2641.665,2635.625,2636.515,0
2024-11-20 00:00:00,2636.495,2638.355,2618.705,2624.095,0
2024-11-20 04:00:00,2624.075,2632.325,2620.774,2631.685,0
2024-11-20 08:00:00,2631.645,2650.715,2631.018,2650.505,0
2024-11-20 12:00:00,2650.505,2655.275,2645.295,2648.855,0
2024-11-20 16:00:00,2648.855,2658.695,2648.015,2658.385,0
2024-11-20 20:00:00,2658.375,2660.285,2650.284,2656.908,0
2024-11-21 00:00:00,2656.835,2670.118,2654.435,2668.705,0
2024-11-21 04:00:00,2668.715,2673.385,2662.855,2663.165,0
2024-11-21 08:00:00,2663.145,2671.465,2660.315,2664.545,0
2024-11-21 12:00:00,2664.555,2673.308,2661.635,2671.375,0
2024-11-21 16:00:00,2671.375,2673.395,2667.915,2673.025,0
2024-11-21 20:00:00,2673.035,2692.275,2672.995,2688.625,0
2024-11-22 00:00:00,2688.665,2700.315,2682.935,2697.225,0
2024-11-22 04:00:00,2697.225,2710.035,2693.375,2702.835,0
2024-11-22 08:00:00,2702.835,2706.498,2684.325,2705.025,0
2024-11-22 12:00:00,2705.015,2711.365,2703.465,2705.695,0
2024-11-22 16:00:00,2705.695,2716.165,2705.664,2715.805,0
2024-11-24 16:00:00,2713.375,2721.185,2691.251,2710.475,0
2024-11-24 20:00:00,2710.505,2710.975,2658.824,2672.305,0
2024-11-25 00:00:00,2672.305,2673.845,2658.064,2671.895,0
2024-11-25 04:00:00,2671.885,2688.595,2668.658,2680.815,0
2024-11-25 08:00:00,2680.805,2687.785,2626.135,2631.925,0
2024-11-25 12:00:00,2631.905,2634.095,2615.455,2625.995,0
2024-11-25 16:00:00,2625.975,2628.478,2605.085,2619.695,0
2024-11-25 20:00:00,2619.675,2632.085,2617.928,2626.275,0
2024-11-26 00:00:00,2626.275,2626.365,2610.668,2613.225,0
2024-11-26 04:00:00,2613.228,2634.625,2612.705,2630.895,0
2024-11-26 08:00:00,2630.865,2641.774,2616.568,2628.525,0
2024-11-26 12:00:00,2628.485,2632.665,2619.414,2631.525,0
2024-11-26 16:00:00,2631.555,2633.995,2627.074,2627.625,0
2024-11-26 20:00:00,2627.705,2640.575,2626.935,2638.895,0
2024-11-27 00:00:00,2638.895,2653.495,2638.075,2653.315,0
2024-11-27 04:00:00,2653.365,2654.875,2643.074,2651.125,0
2024-11-27 08:00:00,2651.135,2658.098,2635.364,2638.804,0
2024-11-27 12:00:00,2638.794,2642.648,2633.898,2636.895,0
2024-11-27 16:00:00,2636.895,2638.315,2634.745,2635.525,0
2024-11-27 20:00:00,2635.505,2636.185,2620.815,2631.104,0
2024-11-28 00:00:00,2631.105,2646.255,2629.975,2643.935,0
2024-11-28 04:00:00,2643.935,2649.518,2642.645,2645.935,0
2024-11-28 08:00:00,2645.905,2647.805,2636.165,2641.935,0
2024-11-28 12:00:00,2641.915,2642.225,2637.175,2637.215,0
2024-11-28 16:00:00,2637.505,2639.105,2635.575,2635.965,0
2024-11-28 20:00:00,2635.965,2664.118,2633.925,2659.785,0
2024-11-29 00:00:00,2659.785,2666.195,2654.378,2657.155,0
2024-11-29 04:00:00,2657.135,2665.775,2655.725,2659.805,0
2024-11-29 08:00:00,2659.895,2663.165,2650.495,2662.105,0
2024-11-29 12:00:00,2662.055,2662.145,2648.525,2649.945,0
2024-12-01 16:00:00,2653.075,2653.115,2629.845,2637.325,0
2024-12-01 20:00:00,2637.305,2639.115,2622.765,2628.445,0
2024-12-02 00:00:00,2628.435,2633.495,2622.0,2629.395,0
2024-12-02 04:00:00,2629.295,2646.205,2628.424,2640.905,0
2024-12-02 08:00:00,2640.925,2651.648,2636.878,2641.225,0
2024-12-02 12:00:00,2641.255,2644.115,2633.425,2636.985,0
2024-12-02 16:00:00,2636.975,2644.175,2636.425,2640.975,0
2024-12-02 20:00:00,2640.985,2645.125,2633.965,2639.695,0
2024-12-03 00:00:00,2639.674,2649.924,2636.985,2645.015,0
2024-12-03 04:00:00,2645.015,2647.955,2638.085,2639.725,0
2024-12-03 08:00:00,2639.745,2655.528,2635.115,2648.245,0
2024-12-03 12:00:00,2648.245,2649.005,2640.135,2642.015,0
2024-12-03 16:00:00,2642.025,2643.865,2639.545,2640.395,0
2024-12-03 20:00:00,2640.385,2648.485,2637.575,2648.295,0
2024-12-04 00:00:00,2648.265,2651.285,2636.515,2641.178,0
2024-12-04 04:00:00,2641.148,2647.585,2636.115,2636.945,0
2024-12-04 08:00:00,2636.885,2656.998,2632.315,2649.555,0
2024-12-04 12:00:00,2649.565,2655.314,2646.695,2649.935,0
2024-12-04 16:00:00,2649.884,2651.408,2647.615,2648.235,0
2024-12-04 20:00:00,2648.235,2650.625,2644.595,2646.154,0
2024-12-05 00:00:00,2646.154,2655.445,2641.895,2643.035,0
2024-12-05 04:00:00,2643.015,2653.255,2641.755,2653.165,0
2024-12-05 08:00:00,2653.185,2654.418,2631.885,2635.065,0
2024-12-05 12:00:00,2635.105,2635.775,2623.385,2631.175,0
2024-12-05 16:00:00,2631.248,2633.725,2628.015,2628.325,0
2024-12-05 20:00:00,2628.345,2644.405,2612.585,2642.095,0
2024-12-06 00:00:00,2642.075,2645.065,2635.165,2644.034,0
2024-12-06 04:00:00,2644.045,2645.535,2632.295,2638.415,0
2024-12-06 08:00:00,2638.405,2643.185,2623.864,2640.295,0
2024-12-06 12:00:00,2640.355,2640.535,2631.365,2631.758,0
2024-12-06 16:00:00,2631.725,2633.675,2630.955,2632.664,0
2024-12-08 16:00:00,2646.52,2648.105,2627.455,2630.865,0
2024-12-08 20:00:00,2630.875,2650.515,2630.795,2635.845,0
2024-12-09 00:00:00,2635.855,2651.125,2635.748,2649.265,0
2024-12-09 04:00:00,2649.255,2660.345,2648.635,2656.095,0
2024-12-09 08:00:00,2656.095,2676.255,2654.545,2667.515,0
2024-12-09 12:00:00,2667.535,2669.255,2656.675,2657.745,0
2024-12-09 16:00:00,2657.745,2665.398,2657.715,2664.865,0
2024-12-09 20:00:00,2664.865,2673.625,2660.445,2670.165,0
2024-12-10 00:00:00,2670.214,2671.495,2661.064,2663.075,0
2024-12-10 04:00:00,2663.095,2679.355,2661.515,2677.604,0
2024-12-10 08:00:00,2677.675,2692.425,2672.205,2692.215,0
2024-12-10 12:00:00,2692.215,2695.378,2690.364,2691.655,0
2024-12-10 16:00:00,2691.655,2701.785,2691.498,2700.905,0
2024-12-10 20:00:00,2700.895,2704.098,2680.948,2684.435,0
2024-12-11 00:00:00,2684.278,2697.538,2674.345,2690.814,0
2024-12-11 04:00:00,2690.814,2699.585,2685.724,2695.554,0
2024-12-11 08:00:00,2695.554,2718.384,2690.334,2715.134,0
2024-12-11 12:00:00,2715.114,2721.005,2713.125,2717.065,0
2024-12-11 16:00:00,2717.035,2723.705,2715.885,2723.575,0
2024-12-11 20:00:00,2724.915,2725.675,2697.885,2712.485,0
2024-12-12 00:00:00,2712.525,2720.315,2709.588,2717.695,0
2024-12-12 04:00:00,2717.775,2718.555,2705.805,2706.465,0
2024-12-12 08:00:00,2706.465,2710.684,2675.055,2683.394,0
2024-12-12 12:00:00,2683.355,2686.855,2679.235,2679.595,0
2024-12-12 16:00:00,2679.555,2685.555,2678.675,2685.305,0
2024-12-12 20:00:00,2685.334,2692.595,2684.054,2687.275,0
2024-12-13 00:00:00,2687.355,2690.324,2674.495,2674.865,0
2024-12-13 04:00:00,2674.765,2676.845,2662.805,2672.325,0
2024-12-13 08:00:00,2672.335,2672.805,2654.525,2661.894,0
2024-12-13 12:00:00,2661.898,2662.144,2646.265,2647.745,0
2024-12-13 16:00:00,2647.795,2649.805,2645.945,2647.385,0
2024-12-15 16:00:00,2649.098,2652.845,2643.374,2647.055,0
2024-12-15 20:00:00,2647.045,2655.448,2646.595,2652.618,0
2024-12-16 00:00:00,2652.618,2661.838,2649.374,2657.805,0
2024-12-16 04:00:00,2657.765,2664.248,2655.598,2659.845,0
2024-12-16 08:00:00,2659.844,2664.118,2648.475,2652.005,0
2024-12-16 12:00:00,2651.915,2655.594,2651.135,2652.585,0
2024-12-16 16:00:00,2652.665,2655.325,2651.015,2655.145,0
2024-12-16 20:00:00,2655.145,2658.465,2650.728,2651.565,0
2024-12-17 00:00:00,2651.645,2656.948,2641.365,2644.085,0
2024-12-17 04:00:00,2644.065,2645.955,2635.994,2642.685,0
2024-12-17 08:00:00,2642.675,2646.748,2632.795,2638.714,0
2024-12-17 12:00:00,2638.714,2648.865,2637.648,2643.364,0
2024-12-17 16:00:00,2643.605,2650.255,2643.274,2649.975,0
2024-12-17 20:00:00,2649.885,2651.525,2642.555,2644.925,0
2024-12-18 00:00:00,2644.915,2649.535,2641.945,2647.835,0
2024-12-18 04:00:00,2647.765,2649.348,2643.325,2643.795,0
2024-12-18 08:00:00,2643.785,2647.435,2633.025,2634.665,0
2024-12-18 12:00:00,2634.615,2639.895,2586.998,2592.355,0
2024-12-18 16:00:00,2592.535,2596.985,2582.264,2595.011,0
2024-12-18 20:00:00,2595.055,2617.948,2593.148,2609.075,0
2024-12-19 00:00:00,2609.075,2622.435,2603.195,2618.264,0
2024-12-19 04:00:00,2618.264,2626.325,2604.145,2606.024,0
2024-12-19 08:00:00,2606.098,2606.098,2586.815,2591.695,0
2024-12-19 12:00:00,2591.675,2600.925,2590.675,2596.705,0
2024-12-19 16:00:00,2596.725,2596.835,2590.375,2590.675,0
2024-12-19 20:00:00,2590.655,2603.825,2589.475,2597.804,0
2024-12-20 00:00:00,2597.804,2607.598,2596.335,2605.334,0
2024-12-20 04:00:00,2605.354,2606.875,2599.904,2603.385,0
2024-12-20 08:00:00,2603.365,2631.698,2599.715,2624.968,0
2024-12-20 12:00:00,2624.968,2629.175,2621.995,2622.575,0
2024-12-20 16:00:00,2622.615,2623.925,2619.065,2622.435,0
2024-12-22 16:00:00,2623.698,2625.128,2617.285,2621.405,0
2024-12-22 20:00:00,2621.405,2627.255,2618.348,2625.335,0
2024-12-23 00:00:00,2625.465,2633.135,2624.325,2629.785,0
2024-12-23 04:00:00,2629.795,2630.575,2612.908,2614.884,0
2024-12-23 08:00:00,2614.884,2619.795,2608.055,2615.694,0
2024-12-23 12:00:00,2615.648,2616.394,2608.955,2610.755,0
2024-12-23 16:00:00,2610.785,2617.155,2610.105,2616.475,0
2024-12-23 20:00:00,2616.555,2620.348,2614.364,2619.938,0
2024-12-24 00:00:00,2619.948,2621.205,2616.275,2617.205,0
2024-12-24 04:00:00,2617.205,2618.248,2612.155,2613.635,0
2024-12-24 08:00:00,2613.555,2617.695,2609.935,2615.875,0
2024-12-24 12:00:00,2615.855,2619.245,2614.565,2616.348,0
2024-12-25 16:00:00,2619.205,2622.545,2614.248,2621.455,0
2024-12-25 20:00:00,2621.448,2629.065,2620.645,2627.098,0
2024-12-26 00:00:00,2627.074,2629.498,2623.435,2627.335,0
2024-12-26 04:00:00,2627.344,2629.808,2624.455,2626.515,0
2024-12-26 08:00:00,2626.498,2638.975,2621.598,2631.954,0
2024-12-26 12:00:00,2631.954,2636.205,2627.818,2634.115,0
2024-12-26 16:00:00,2634.128,2634.375,2630.425,2631.305,0
2024-12-26 20:00:00,2631.295,2635.348,2628.765,2633.455,0
2024-12-27 00:00:00,2633.455,2638.105,2626.0,2626.048,0
2024-12-27 04:00:00,2626.048,2631.395,2623.248,2625.998,0
2024-12-27 08:00:00,2625.998,2627.165,2611.285,2617.815,0
2024-12-27 12:00:00,2617.825,2621.234,2612.448,2615.315,0
2024-12-27 16:00:00,2615.265,2621.598,2615.175,2621.348,0
2024-12-29 16:00:00,2620.154,2625.998,2618.914,2622.385,0
2024-12-29 20:00:00,2622.305,2627.985,2621.285,2621.975,0
2024-12-30 00:00:00,2621.948,2624.515,2609.125,2611.775,0
2024-12-30 04:00:00,2611.765,2622.325,2608.975,2621.355,0
2024-12-30 08:00:00,2621.335,2622.425,2595.905,2599.575,0
2024-12-30 12:00:00,2599.645,2609.365,2599.645,2607.585,0
2024-12-30 16:00:00,2607.595,2608.505,2603.548,2607.585,0
2024-12-30 20:00:00,2607.585,2611.375,2603.305,2606.455,0
2024-12-31 00:00:00,2606.475,2617.595,2602.475,2616.415,0
2024-12-31 04:00:00,2616.354,2616.648,2609.075,2610.905,0
2024-12-31 08:00:00,2610.905,2627.015,2605.195,2625.165,0
2024-12-31 12:00:00,2625.164,2627.364,2621.924,2623.064,0
2024-12-31 16:00:00,2622.964,2624.675,2622.715,2624.155,0
